symbol,datetime,ha_open,ha_high,ha_low,ha_close
ULTRACEMCO24AUG11200CE,"2024-08-19 15:00:00",226.75414364568744,228.55,226.75414364568744,228.55
ULTRACEMCO24AUG11200CE,"2024-08-19 14:59:00",228.13328729137487,228.55,222.2,225.375
ULTRACEMCO24AUG11200CE,"2024-08-19 14:58:00",232.06657458274975,232.06657458274975,224.2,224.2
ULTRACEMCO24AUG11200CE,"2024-08-19 14:57:00",240.49564916549951,240.49564916549951,220.05,223.6375
ULTRACEMCO24AUG11200CE,"2024-08-19 14:56:00",244.56629833099902,244.56629833099902,232.25,236.425
ULTRACEMCO24AUG11200CE,"2024-08-19 14:55:00",245.04509666199806,251.1,239,244.0875
ULTRACEMCO24AUG11200CE,"2024-08-19 14:54:00",247.04019332399608,247.04019332399608,241.05,243.05
ULTRACEMCO24AUG11200CE,"2024-08-19 14:53:00",250.26788664799216,250.26788664799216,241.05,243.8125
ULTRACEMCO24AUG11200CE,"2024-08-19 14:52:00",253.81077329598435,253.81077329598435,241.65,246.725
ULTRACEMCO24AUG11200CE,"2024-08-19 14:51:00",259.6840465919687,259.6840465919687,242.6,247.9375
ULTRACEMCO24AUG11200CE,"2024-08-19 14:50:00",264.41809318393746,264.41809318393746,245.8,254.95
ULTRACEMCO24AUG11200CE,"2024-08-19 14:49:00",264.836186367875,264.836186367875,264,264
ULTRACEMCO24AUG11200CE,"2024-08-19 14:48:00",265.67237273574995,265.67237273574995,264,264
ULTRACEMCO24AUG11200CE,"2024-08-19 14:47:00",267.34474547149995,267.34474547149995,264,264
ULTRACEMCO24AUG11200CE,"2024-08-19 14:46:00",268.9144909429999,268.9144909429999,264,265.775
ULTRACEMCO24AUG11200CE,"2024-08-19 14:45:00",269.30398188599986,269.5,267.55,268.525
ULTRACEMCO24AUG11200CE,"2024-08-19 14:44:00",269.1079637719998,269.5,269.1079637719998,269.5
ULTRACEMCO24AUG11200CE,"2024-08-19 14:43:00",268.71592754399956,269.5,268.71592754399956,269.5
ULTRACEMCO24AUG11200CE,"2024-08-19 14:42:00",267.0693550879991,272.45,267.0693550879991,270.3625
ULTRACEMCO24AUG11200CE,"2024-08-19 14:41:00",265.7887101759982,270,265.7887101759982,268.35
ULTRACEMCO24AUG11200CE,"2024-08-19 14:40:00",265.3524203519963,266.7,265.3524203519963,266.225
ULTRACEMCO24AUG11200CE,"2024-08-19 14:39:00",264.95484070399255,265.75,264.95484070399255,265.75
ULTRACEMCO24AUG11200CE,"2024-08-19 14:38:00",263.9846814079851,268,263.85,265.925
ULTRACEMCO24AUG11200CE,"2024-08-19 14:37:00",264.11936281597013,264.11936281597013,263.85,263.85
ULTRACEMCO24AUG11200CE,"2024-08-19 14:36:00",264.38872563194025,264.38872563194025,263.85,263.85
ULTRACEMCO24AUG11200CE,"2024-08-19 14:35:00",264.92745126388047,264.92745126388047,263.85,263.85
ULTRACEMCO24AUG11200CE,"2024-08-19 14:34:00",265.25490252776086,265.35,263.85,264.6
ULTRACEMCO24AUG11200CE,"2024-08-19 14:33:00",265.1598050555217,265.35,265.1598050555217,265.35
ULTRACEMCO24AUG11200CE,"2024-08-19 14:32:00",266.14461011104333,266.14461011104333,263,264.175
ULTRACEMCO24AUG11200CE,"2024-08-19 14:31:00",267.31422022208665,267.31422022208665,263,264.975
ULTRACEMCO24AUG11200CE,"2024-08-19 14:30:00",267.67844044417325,267.67844044417325,266.95,266.95
ULTRACEMCO24AUG11200CE,"2024-08-19 14:29:00",267.8818808883465,268,266.95,267.475
ULTRACEMCO24AUG11200CE,"2024-08-19 14:28:00",267.7637617766929,268,267.7637617766929,268
ULTRACEMCO24AUG11200CE,"2024-08-19 14:27:00",267.5275235533858,268,267.5275235533858,268
ULTRACEMCO24AUG11200CE,"2024-08-19 14:26:00",267.05504710677155,268,267.05504710677155,268
ULTRACEMCO24AUG11200CE,"2024-08-19 14:25:00",266.1100942135431,268,266.1100942135431,268
ULTRACEMCO24AUG11200CE,"2024-08-19 14:24:00",266.27018842708617,266.27018842708617,265.95,265.95
ULTRACEMCO24AUG11200CE,"2024-08-19 14:23:00",266.5903768541723,266.5903768541723,265.95,265.95
ULTRACEMCO24AUG11200CE,"2024-08-19 14:22:00",267.23075370834454,267.23075370834454,265.95,265.95
ULTRACEMCO24AUG11200CE,"2024-08-19 14:21:00",267.486507416689,268,265.95,266.975
ULTRACEMCO24AUG11200CE,"2024-08-19 14:20:00",266.973014833378,268,266.973014833378,268
ULTRACEMCO24AUG11200CE,"2024-08-19 14:19:00",265.9460296667559,268,265.9460296667559,268
ULTRACEMCO24AUG11200CE,"2024-08-19 14:18:00",263.24205933351186,268.65,263.24205933351186,268.65
ULTRACEMCO24AUG11200CE,"2024-08-19 14:17:00",260.7216186670237,270,260.7216186670237,265.76250000000005
ULTRACEMCO24AUG11200CE,"2024-08-19 14:16:00",259.2432373340474,262.2,259.2432373340474,262.2
ULTRACEMCO24AUG11200CE,"2024-08-19 14:15:00",258.5114746680949,262.2,257.75,259.975
ULTRACEMCO24AUG11200CE,"2024-08-19 14:14:00",259.27294933618975,259.27294933618975,257.75,257.75
ULTRACEMCO24AUG11200CE,"2024-08-19 14:13:00",260.7958986723795,260.7958986723795,257.75,257.75
ULTRACEMCO24AUG11200CE,"2024-08-19 14:12:00",263.8417973447591,263.8417973447591,257.75,257.75
ULTRACEMCO24AUG11200CE,"2024-08-19 14:11:00",265.28359468951817,267.05,257.75,262.4
ULTRACEMCO24AUG11200CE,"2024-08-19 14:10:00",263.5171893790364,267.05,263.5171893790364,267.05
ULTRACEMCO24AUG11200CE,"2024-08-19 14:09:00",259.77187875807283,268,259.77187875807283,267.2625
ULTRACEMCO24AUG11200CE,"2024-08-19 14:08:00",254.89375751614568,267,254.89375751614568,264.65
ULTRACEMCO24AUG11200CE,"2024-08-19 14:07:00",247.51251503229142,265,247.51251503229142,262.275
ULTRACEMCO24AUG11200CE,"2024-08-19 14:06:00",243.05003006458284,260.9,243.05,251.975
ULTRACEMCO24AUG11200CE,"2024-08-19 14:05:00",243.05006012916567,243.05006012916567,243.05,243.05
ULTRACEMCO24AUG11200CE,"2024-08-19 14:04:00",243.05012025833133,243.05012025833133,243.05,243.05
ULTRACEMCO24AUG11200CE,"2024-08-19 14:03:00",243.05024051666265,243.05024051666265,243.05,243.05
ULTRACEMCO24AUG11200CE,"2024-08-19 14:02:00",243.05048103332533,243.05048103332533,243.05,243.05
ULTRACEMCO24AUG11200CE,"2024-08-19 14:01:00",243.05096206665064,243.05096206665064,243.05,243.05
ULTRACEMCO24AUG11200CE,"2024-08-19 14:00:00",243.05192413330127,243.05192413330127,243.05,243.05
ULTRACEMCO24AUG11200CE,"2024-08-19 13:59:00",243.05384826660256,243.05384826660256,243.05,243.05
ULTRACEMCO24AUG11200CE,"2024-08-19 13:58:00",243.0576965332051,243.0576965332051,243.05,243.05
ULTRACEMCO24AUG11200CE,"2024-08-19 13:57:00",243.0653930664102,243.0653930664102,243.05,243.05
ULTRACEMCO24AUG11200CE,"2024-08-19 13:56:00",243.08078613282038,243.08078613282038,243.05,243.05
ULTRACEMCO24AUG11200CE,"2024-08-19 13:55:00",243.11157226564075,243.11157226564075,243.05,243.05
ULTRACEMCO24AUG11200CE,"2024-08-19 13:54:00",243.17314453128148,243.17314453128148,243.05,243.05
ULTRACEMCO24AUG11200CE,"2024-08-19 13:53:00",243.29628906256292,243.29628906256292,243.05,243.05
ULTRACEMCO24AUG11200CE,"2024-08-19 13:52:00",243.54257812512583,243.54257812512583,243.05,243.05
ULTRACEMCO24AUG11200CE,"2024-08-19 13:51:00",244.03515625025167,244.03515625025167,243.05,243.05
ULTRACEMCO24AUG11200CE,"2024-08-19 13:50:00",243.24531250050336,246.6,243.05,244.825
ULTRACEMCO24AUG11200CE,"2024-08-19 13:49:00",242.5656250010067,246.6,241.25,243.925
ULTRACEMCO24AUG11200CE,"2024-08-19 13:48:00",243.87656250201337,243.87656250201337,241.25,241.25
ULTRACEMCO24AUG11200CE,"2024-08-19 13:47:00",246.50312500402677,246.50312500402677,241.25,241.25
ULTRACEMCO24AUG11200CE,"2024-08-19 13:46:00",247.35625000805354,247.35625000805354,244,245.65
ULTRACEMCO24AUG11200CE,"2024-08-19 13:45:00",247.41250001610706,247.41250001610706,247.3,247.3
ULTRACEMCO24AUG11200CE,"2024-08-19 13:44:00",247.60000003221407,247.60000003221407,247.3,247.3
ULTRACEMCO24AUG11200CE,"2024-08-19 13:43:00",247.90000006442813,247.90000006442813,247.3,247.3
ULTRACEMCO24AUG11200CE,"2024-08-19 13:42:00",248.50000012885627,248.50000012885627,247.3,247.3
ULTRACEMCO24AUG11200CE,"2024-08-19 13:41:00",249.70000025771253,249.70000025771253,247.3,247.3
ULTRACEMCO24AUG11200CE,"2024-08-19 13:40:00",252.10000051542508,252.10000051542508,247.3,247.3
ULTRACEMCO24AUG11200CE,"2024-08-19 13:39:00",256.90000103085015,256.90000103085015,247.3,247.3
ULTRACEMCO24AUG11200CE,"2024-08-19 13:38:00",256.90000206170026,256.90000206170026,256.9,256.9
ULTRACEMCO24AUG11200CE,"2024-08-19 13:37:00",256.90000412340055,256.90000412340055,256.9,256.9
ULTRACEMCO24AUG11200CE,"2024-08-19 13:36:00",256.9000082468012,256.9000082468012,256.9,256.9
ULTRACEMCO24AUG11200CE,"2024-08-19 13:35:00",256.9000164936024,256.9000164936024,256.9,256.9
ULTRACEMCO24AUG11200CE,"2024-08-19 13:34:00",256.9000329872047,256.9000329872047,256.9,256.9
ULTRACEMCO24AUG11200CE,"2024-08-19 13:33:00",256.9000659744095,256.9000659744095,256.9,256.9
ULTRACEMCO24AUG11200CE,"2024-08-19 13:32:00",256.90013194881897,256.90013194881897,256.9,256.9
ULTRACEMCO24AUG11200CE,"2024-08-19 13:31:00",256.90026389763796,256.90026389763796,256.9,256.9
ULTRACEMCO24AUG11200CE,"2024-08-19 13:30:00",256.9005277952759,256.9005277952759,256.9,256.9
ULTRACEMCO24AUG11200CE,"2024-08-19 13:29:00",256.9010555905518,256.9010555905518,256.9,256.9
ULTRACEMCO24AUG11200CE,"2024-08-19 13:28:00",256.9021111811036,256.9021111811036,256.9,256.9
ULTRACEMCO24AUG11200CE,"2024-08-19 13:27:00",256.90422236220724,256.90422236220724,256.9,256.9
ULTRACEMCO24AUG11200CE,"2024-08-19 13:26:00",256.9084447244145,256.9084447244145,256.9,256.9
ULTRACEMCO24AUG11200CE,"2024-08-19 13:25:00",256.91688944882895,256.91688944882895,256.9,256.9
ULTRACEMCO24AUG11200CE,"2024-08-19 13:24:00",256.93377889765793,256.93377889765793,256.9,256.9
ULTRACEMCO24AUG11200CE,"2024-08-19 13:23:00",256.96755779531594,256.96755779531594,256.9,256.9
ULTRACEMCO24AUG11200CE,"2024-08-19 13:22:00",257.0351155906319,257.0351155906319,256.9,256.9
ULTRACEMCO24AUG11200CE,"2024-08-19 13:21:00",256.9702311812638,257.3,256.9,257.1
ULTRACEMCO24AUG11200CE,"2024-08-19 13:20:00",256.6404623625275,257.3,256.6404623625275,257.3
ULTRACEMCO24AUG11200CE,"2024-08-19 13:19:00",255.98092472505505,257.3,255.98092472505505,257.3
ULTRACEMCO24AUG11200CE,"2024-08-19 13:18:00",254.66184945011005,257.3,254.66184945011005,257.3
ULTRACEMCO24AUG11200CE,"2024-08-19 13:17:00",252.0236989002201,257.3,252.0236989002201,257.3
ULTRACEMCO24AUG11200CE,"2024-08-19 13:16:00",247.8973978004402,257.3,247.8973978004402,256.15
ULTRACEMCO24AUG11200CE,"2024-08-19 13:15:00",245.5947956008804,255,245.4,250.2
ULTRACEMCO24AUG11200CE,"2024-08-19 13:14:00",245.78959120176074,245.78959120176074,245.4,245.4
ULTRACEMCO24AUG11200CE,"2024-08-19 13:13:00",246.17918240352145,246.17918240352145,245.4,245.4
ULTRACEMCO24AUG11200CE,"2024-08-19 13:12:00",246.95836480704293,246.95836480704293,245.4,245.4
ULTRACEMCO24AUG11200CE,"2024-08-19 13:11:00",248.51672961408582,248.51672961408582,245.4,245.4
ULTRACEMCO24AUG11200CE,"2024-08-19 13:10:00",251.6334592281716,251.6334592281716,245.4,245.4
ULTRACEMCO24AUG11200CE,"2024-08-19 13:09:00",253.0919184563432,254.95,245.4,250.17499999999998
ULTRACEMCO24AUG11200CE,"2024-08-19 13:08:00",251.23383691268643,254.95,251.23383691268643,254.95
ULTRACEMCO24AUG11200CE,"2024-08-19 13:07:00",247.51767382537287,254.95,247.51767382537287,254.95
ULTRACEMCO24AUG11200CE,"2024-08-19 13:06:00",247.58534765074577,247.58534765074577,247.45,247.45
ULTRACEMCO24AUG11200CE,"2024-08-19 13:05:00",247.72069530149156,247.72069530149156,247.45,247.45
ULTRACEMCO24AUG11200CE,"2024-08-19 13:04:00",247.9913906029831,247.9913906029831,247.45,247.45
ULTRACEMCO24AUG11200CE,"2024-08-19 13:03:00",248.53278120596622,248.53278120596622,247.45,247.45
ULTRACEMCO24AUG11200CE,"2024-08-19 13:02:00",249.61556241193244,249.61556241193244,247.45,247.45
ULTRACEMCO24AUG11200CE,"2024-08-19 13:01:00",250.43112482386488,250.43112482386488,247.45,248.8
ULTRACEMCO24AUG11200CE,"2024-08-19 13:00:00",250.41224964772977,250.45,250.41224964772977,250.45
ULTRACEMCO24AUG11200CE,"2024-08-19 12:59:00",250.62449929545957,251,248.35,250.2
ULTRACEMCO24AUG11200CE,"2024-08-19 12:58:00",250.24899859091914,251,250.24899859091914,251
ULTRACEMCO24AUG11200CE,"2024-08-19 12:57:00",249.9979971818383,251,249.9979971818383,250.5
ULTRACEMCO24AUG11200CE,"2024-08-19 12:56:00",249.99599436367654,250,249.99599436367654,250
ULTRACEMCO24AUG11200CE,"2024-08-19 12:55:00",249.9919887273531,250,249.9919887273531,250
ULTRACEMCO24AUG11200CE,"2024-08-19 12:54:00",249.9839774547062,250,249.9839774547062,250
ULTRACEMCO24AUG11200CE,"2024-08-19 12:53:00",249.9679549094124,250,249.9679549094124,250
ULTRACEMCO24AUG11200CE,"2024-08-19 12:52:00",249.93590981882483,250,249.93590981882483,250
ULTRACEMCO24AUG11200CE,"2024-08-19 12:51:00",249.87181963764965,250,249.87181963764965,250
ULTRACEMCO24AUG11200CE,"2024-08-19 12:50:00",249.74363927529933,250,249.74363927529933,250
ULTRACEMCO24AUG11200CE,"2024-08-19 12:49:00",249.48727855059866,250,249.48727855059866,250
ULTRACEMCO24AUG11200CE,"2024-08-19 12:48:00",248.9745571011973,250,248.9745571011973,250
ULTRACEMCO24AUG11200CE,"2024-08-19 12:47:00",247.94911420239458,250,247.94911420239458,250
ULTRACEMCO24AUG11200CE,"2024-08-19 12:46:00",245.89822840478917,250,245.89822840478917,250
ULTRACEMCO24AUG11200CE,"2024-08-19 12:45:00",245.89645680957835,245.9,245.89645680957835,245.9
ULTRACEMCO24AUG11200CE,"2024-08-19 12:44:00",245.89291361915667,245.9,245.89291361915667,245.9
ULTRACEMCO24AUG11200CE,"2024-08-19 12:43:00",245.8858272383133,245.9,245.8858272383133,245.9
ULTRACEMCO24AUG11200CE,"2024-08-19 12:42:00",245.87165447662665,245.9,245.87165447662665,245.9
ULTRACEMCO24AUG11200CE,"2024-08-19 12:41:00",245.84330895325326,245.9,245.84330895325326,245.9
ULTRACEMCO24AUG11200CE,"2024-08-19 12:40:00",245.78661790650654,245.9,245.78661790650654,245.9
ULTRACEMCO24AUG11200CE,"2024-08-19 12:39:00",245.6732358130131,245.9,245.6732358130131,245.9
ULTRACEMCO24AUG11200CE,"2024-08-19 12:38:00",245.44647162602615,245.9,245.44647162602615,245.9
ULTRACEMCO24AUG11200CE,"2024-08-19 12:37:00",244.99294325205227,245.9,244.99294325205227,245.9
ULTRACEMCO24AUG11200CE,"2024-08-19 12:36:00",244.08588650410454,245.9,244.08588650410454,245.9
ULTRACEMCO24AUG11200CE,"2024-08-19 12:35:00",242.27177300820907,245.9,242.27177300820907,245.9
ULTRACEMCO24AUG11200CE,"2024-08-19 12:34:00",238.54354601641813,246,238.54354601641813,246
ULTRACEMCO24AUG11200CE,"2024-08-19 12:33:00",236.06209203283623,246,236.05,241.025
ULTRACEMCO24AUG11200CE,"2024-08-19 12:32:00",236.07418406567248,236.07418406567248,236.05,236.05
ULTRACEMCO24AUG11200CE,"2024-08-19 12:31:00",236.09836813134496,236.09836813134496,236.05,236.05
ULTRACEMCO24AUG11200CE,"2024-08-19 12:30:00",236.1467362626899,236.1467362626899,236.05,236.05
ULTRACEMCO24AUG11200CE,"2024-08-19 12:29:00",236.24347252537976,236.24347252537976,236.05,236.05
ULTRACEMCO24AUG11200CE,"2024-08-19 12:28:00",236.4369450507595,236.4369450507595,236.05,236.05
ULTRACEMCO24AUG11200CE,"2024-08-19 12:27:00",236.82389010151897,236.82389010151897,236.05,236.05
ULTRACEMCO24AUG11200CE,"2024-08-19 12:26:00",237.59778020303793,237.59778020303793,236.05,236.05
ULTRACEMCO24AUG11200CE,"2024-08-19 12:25:00",238.17056040607588,238.17056040607588,236.05,237.02499999999998
ULTRACEMCO24AUG11200CE,"2024-08-19 12:24:00",238.3411208121518,238.3411208121518,238,238
ULTRACEMCO24AUG11200CE,"2024-08-19 12:23:00",238.68224162430357,238.68224162430357,238,238
ULTRACEMCO24AUG11200CE,"2024-08-19 12:22:00",239.36448324860717,239.36448324860717,238,238
ULTRACEMCO24AUG11200CE,"2024-08-19 12:21:00",240.72896649721434,240.72896649721434,238,238
ULTRACEMCO24AUG11200CE,"2024-08-19 12:20:00",243.4579329944287,243.4579329944287,238,238
ULTRACEMCO24AUG11200CE,"2024-08-19 12:19:00",245.24086598885737,245.35,238,241.675
ULTRACEMCO24AUG11200CE,"2024-08-19 12:18:00",245.13173197771476,245.35,245.13173197771476,245.35
ULTRACEMCO24AUG11200CE,"2024-08-19 12:17:00",244.9134639554295,245.35,244.9134639554295,245.35
ULTRACEMCO24AUG11200CE,"2024-08-19 12:16:00",244.47692791085905,245.35,244.47692791085905,245.35
ULTRACEMCO24AUG11200CE,"2024-08-19 12:15:00",243.6038558217181,245.35,243.6038558217181,245.35
ULTRACEMCO24AUG11200CE,"2024-08-19 12:14:00",244.2077116434362,244.2077116434362,243,243
ULTRACEMCO24AUG11200CE,"2024-08-19 12:13:00",245.4154232868724,245.4154232868724,243,243
ULTRACEMCO24AUG11200CE,"2024-08-19 12:12:00",246.8308465737448,246.8308465737448,243,244
ULTRACEMCO24AUG11200CE,"2024-08-19 12:11:00",248.66169314748961,248.66169314748961,245,245
ULTRACEMCO24AUG11200CE,"2024-08-19 12:10:00",252.32338629497923,252.32338629497923,245,245
ULTRACEMCO24AUG11200CE,"2024-08-19 12:09:00",254.72177258995845,254.85,245,249.925
ULTRACEMCO24AUG11200CE,"2024-08-19 12:08:00",254.59354517991693,254.85,254.59354517991693,254.85
ULTRACEMCO24AUG11200CE,"2024-08-19 12:07:00",254.51209035983388,254.85,254.5,254.675
ULTRACEMCO24AUG11200CE,"2024-08-19 12:06:00",254.52418071966775,254.52418071966775,254.5,254.5
ULTRACEMCO24AUG11200CE,"2024-08-19 12:05:00",254.54836143933554,254.54836143933554,254.5,254.5
ULTRACEMCO24AUG11200CE,"2024-08-19 12:04:00",254.59672287867107,254.59672287867107,254.5,254.5
ULTRACEMCO24AUG11200CE,"2024-08-19 12:03:00",254.69344575734212,254.69344575734212,254.5,254.5
ULTRACEMCO24AUG11200CE,"2024-08-19 12:02:00",254.88689151468424,254.88689151468424,254.5,254.5
ULTRACEMCO24AUG11200CE,"2024-08-19 12:01:00",255.27378302936845,255.27378302936845,254.5,254.5
ULTRACEMCO24AUG11200CE,"2024-08-19 12:00:00",256.0475660587369,256.0475660587369,254.5,254.5
ULTRACEMCO24AUG11200CE,"2024-08-19 11:59:00",257.5951321174738,257.5951321174738,254.5,254.5
ULTRACEMCO24AUG11200CE,"2024-08-19 11:58:00",257.59026423494754,257.6,257.59026423494754,257.6
ULTRACEMCO24AUG11200CE,"2024-08-19 11:57:00",257.58052846989506,257.6,257.58052846989506,257.6
ULTRACEMCO24AUG11200CE,"2024-08-19 11:56:00",257.5610569397901,257.6,257.5610569397901,257.6
ULTRACEMCO24AUG11200CE,"2024-08-19 11:55:00",257.5221138795802,257.6,257.5221138795802,257.6
ULTRACEMCO24AUG11200CE,"2024-08-19 11:54:00",257.4442277591604,257.6,257.4442277591604,257.6
ULTRACEMCO24AUG11200CE,"2024-08-19 11:53:00",257.2884555183208,257.6,257.2884555183208,257.6
ULTRACEMCO24AUG11200CE,"2024-08-19 11:52:00",256.9769110366416,257.6,256.9769110366416,257.6
ULTRACEMCO24AUG11200CE,"2024-08-19 11:51:00",256.3538220732831,257.6,256.3538220732831,257.6
ULTRACEMCO24AUG11200CE,"2024-08-19 11:50:00",255.10764414656614,257.6,255.10764414656614,257.6
ULTRACEMCO24AUG11200CE,"2024-08-19 11:49:00",255.11528829313227,255.11528829313227,255.1,255.1
ULTRACEMCO24AUG11200CE,"2024-08-19 11:48:00",255.1305765862645,255.1305765862645,255.1,255.1
ULTRACEMCO24AUG11200CE,"2024-08-19 11:47:00",255.161153172529,255.161153172529,255.1,255.1
ULTRACEMCO24AUG11200CE,"2024-08-19 11:46:00",255.22230634505803,255.22230634505803,255.1,255.1
ULTRACEMCO24AUG11200CE,"2024-08-19 11:45:00",255.34461269011604,255.34461269011604,255.1,255.1
ULTRACEMCO24AUG11200CE,"2024-08-19 11:44:00",255.5892253802321,255.5892253802321,255.1,255.1
ULTRACEMCO24AUG11200CE,"2024-08-19 11:43:00",255.87845076046423,255.87845076046423,255.3,255.3
ULTRACEMCO24AUG11200CE,"2024-08-19 11:42:00",256.45690152092845,256.45690152092845,255.3,255.3
ULTRACEMCO24AUG11200CE,"2024-08-19 11:41:00",256.838803041857,256.85,255.3,256.075
ULTRACEMCO24AUG11200CE,"2024-08-19 11:40:00",256.82760608371393,256.85,256.82760608371393,256.85
ULTRACEMCO24AUG11200CE,"2024-08-19 11:39:00",256.80521216742784,256.85,256.80521216742784,256.85
ULTRACEMCO24AUG11200CE,"2024-08-19 11:38:00",256.7604243348556,256.85,256.7604243348556,256.85
ULTRACEMCO24AUG11200CE,"2024-08-19 11:37:00",256.6708486697112,256.85,256.6708486697112,256.85
ULTRACEMCO24AUG11200CE,"2024-08-19 11:36:00",256.4916973394223,256.85,256.4916973394223,256.85
ULTRACEMCO24AUG11200CE,"2024-08-19 11:35:00",256.1333946788445,256.85,256.1333946788445,256.85
ULTRACEMCO24AUG11200CE,"2024-08-19 11:34:00",255.41678935768908,256.85,255.41678935768908,256.85
ULTRACEMCO24AUG11200CE,"2024-08-19 11:33:00",253.98357871537814,256.85,253.98357871537814,256.85
ULTRACEMCO24AUG11200CE,"2024-08-19 11:32:00",252.8421574307563,256.85,252.8421574307563,255.125
ULTRACEMCO24AUG11200CE,"2024-08-19 11:31:00",252.28431486151254,253.4,252.28431486151254,253.4
ULTRACEMCO24AUG11200CE,"2024-08-19 11:30:00",251.1686297230251,253.4,251.1686297230251,253.4
ULTRACEMCO24AUG11200CE,"2024-08-19 11:29:00",248.93725944605018,253.4,248.93725944605018,253.4
ULTRACEMCO24AUG11200CE,"2024-08-19 11:28:00",248.12451889210038,253.4,246.1,249.75
ULTRACEMCO24AUG11200CE,"2024-08-19 11:27:00",250.14903778420077,250.14903778420077,246.1,246.1
ULTRACEMCO24AUG11200CE,"2024-08-19 11:26:00",254.19807556840155,254.19807556840155,246.1,246.1
ULTRACEMCO24AUG11200CE,"2024-08-19 11:25:00",257.7211511368031,257.7211511368031,245.9,250.675
ULTRACEMCO24AUG11200CE,"2024-08-19 11:24:00",258.24230227360613,259.05,255.35,257.2
ULTRACEMCO24AUG11200CE,"2024-08-19 11:23:00",257.0516953133441,259.05,257.0516953133441,259.05
ULTRACEMCO24AUG11200CE,"2024-08-19 11:22:00",255.17839062668827,259.05,255.17839062668827,258.925
ULTRACEMCO24AUG11200CE,"2024-08-19 11:21:00",251.85678125337654,259,251.85678125337654,258.5
ULTRACEMCO24AUG11200CE,"2024-08-19 11:20:00",251.71356250675308,252,251.71356250675308,252
ULTRACEMCO24AUG11200CE,"2024-08-19 11:19:00",251.42712501350613,252,251.42712501350613,252
ULTRACEMCO24AUG11200CE,"2024-08-19 11:18:00",250.85425002701226,252,250.85425002701226,252
ULTRACEMCO24AUG11200CE,"2024-08-19 11:17:00",249.70850005402448,252,249.70850005402448,252
ULTRACEMCO24AUG11200CE,"2024-08-19 11:16:00",247.41700010804897,252,247.41700010804897,252
ULTRACEMCO24AUG11200CE,"2024-08-19 11:15:00",246.83400021609796,248,246.83400021609796,248
ULTRACEMCO24AUG11200CE,"2024-08-19 11:14:00",246.71800043219594,248,245.2,246.95
ULTRACEMCO24AUG11200CE,"2024-08-19 11:13:00",246.8360008643919,246.8360008643919,246.6,246.6
ULTRACEMCO24AUG11200CE,"2024-08-19 11:12:00",247.0720017287838,247.0720017287838,246.6,246.6
ULTRACEMCO24AUG11200CE,"2024-08-19 11:11:00",246.7940034575676,248.1,246.6,247.35
ULTRACEMCO24AUG11200CE,"2024-08-19 11:10:00",245.4880069151352,248.1,245.4880069151352,248.1
ULTRACEMCO24AUG11200CE,"2024-08-19 11:09:00",242.87601383027044,248.1,242.87601383027044,248.1
ULTRACEMCO24AUG11200CE,"2024-08-19 11:08:00",243.55202766054092,243.55202766054092,242.2,242.2
ULTRACEMCO24AUG11200CE,"2024-08-19 11:07:00",244.90405532108184,244.90405532108184,242.2,242.2
ULTRACEMCO24AUG11200CE,"2024-08-19 11:06:00",248.25811064216367,248.25811064216367,238.75,241.55
ULTRACEMCO24AUG11200CE,"2024-08-19 11:05:00",249.59122128432733,250,243.35,246.925
ULTRACEMCO24AUG11200CE,"2024-08-19 11:04:00",249.18244256865466,250,249.18244256865466,250
ULTRACEMCO24AUG11200CE,"2024-08-19 11:03:00",248.5148851373093,250,248.5148851373093,249.85
ULTRACEMCO24AUG11200CE,"2024-08-19 11:02:00",247.32977027461865,251.1,247.32977027461865,249.7
ULTRACEMCO24AUG11200CE,"2024-08-19 11:01:00",245.18454054923728,250.45,245.18454054923728,249.47500000000002
ULTRACEMCO24AUG11200CE,"2024-08-19 11:00:00",242.61908109847457,248.5,242.61908109847457,247.75
ULTRACEMCO24AUG11200CE,"2024-08-19 10:59:00",242.48816219694913,242.75,242.48816219694913,242.75
ULTRACEMCO24AUG11200CE,"2024-08-19 10:58:00",242.2263243938983,242.75,242.2263243938983,242.75
ULTRACEMCO24AUG11200CE,"2024-08-19 10:57:00",241.7026487877966,242.75,241.7026487877966,242.75
ULTRACEMCO24AUG11200CE,"2024-08-19 10:56:00",240.65529757559318,242.75,240.65529757559318,242.75
ULTRACEMCO24AUG11200CE,"2024-08-19 10:55:00",239.8105951511864,242.75,239.8105951511864,241.5
ULTRACEMCO24AUG11200CE,"2024-08-19 10:54:00",239.2711903023728,242.4,236.35,240.35
ULTRACEMCO24AUG11200CE,"2024-08-19 10:53:00",239.79238060474557,239.79238060474557,238.75,238.75
ULTRACEMCO24AUG11200CE,"2024-08-19 10:52:00",240.83476120949112,240.83476120949112,238.75,238.75
ULTRACEMCO24AUG11200CE,"2024-08-19 10:51:00",241.39452241898223,241.8,238.75,240.275
ULTRACEMCO24AUG11200CE,"2024-08-19 10:50:00",240.98904483796446,241.8,240.98904483796446,241.8
ULTRACEMCO24AUG11200CE,"2024-08-19 10:49:00",240.1780896759289,241.8,240.1780896759289,241.8
ULTRACEMCO24AUG11200CE,"2024-08-19 10:48:00",239.4561793518578,241.8,239.4561793518578,240.89999999999998
ULTRACEMCO24AUG11200CE,"2024-08-19 10:47:00",238.9123587037156,240,238.9123587037156,240
ULTRACEMCO24AUG11200CE,"2024-08-19 10:46:00",239.89971740743115,240,235.85,237.925
ULTRACEMCO24AUG11200CE,"2024-08-19 10:45:00",240.2994348148623,240.2994348148623,239.5,239.5
ULTRACEMCO24AUG11200CE,"2024-08-19 10:44:00",240.74886962972465,240.74886962972465,239.5,239.85
ULTRACEMCO24AUG11200CE,"2024-08-19 10:43:00",239.97273925944933,242.85,239.97273925944933,241.52499999999998
ULTRACEMCO24AUG11200CE,"2024-08-19 10:42:00",238.62047851889866,242.85,238.62047851889866,241.32500000000002
ULTRACEMCO24AUG11200CE,"2024-08-19 10:41:00",239.2659570377973,242,235.05,237.97500000000002
ULTRACEMCO24AUG11200CE,"2024-08-19 10:40:00",241.7819140755946,241.7819140755946,230.5,236.75
ULTRACEMCO24AUG11200CE,"2024-08-19 10:39:00",241.8638281511892,241.8638281511892,241.7,241.7
ULTRACEMCO24AUG11200CE,"2024-08-19 10:38:00",242.02765630237843,242.02765630237843,241.7,241.7
ULTRACEMCO24AUG11200CE,"2024-08-19 10:37:00",240.70531260475684,245,240.70531260475684,243.35000000000002
ULTRACEMCO24AUG11200CE,"2024-08-19 10:36:00",237.2106252095137,245,237.2106252095137,244.2
ULTRACEMCO24AUG11200CE,"2024-08-19 10:35:00",237.07125041902742,237.35,237.07125041902742,237.35
ULTRACEMCO24AUG11200CE,"2024-08-19 10:34:00",237.9675008380548,237.9675008380548,235,236.175
ULTRACEMCO24AUG11200CE,"2024-08-19 10:33:00",237.7850016761096,241.3,235,238.15
ULTRACEMCO24AUG11200CE,"2024-08-19 10:32:00",233.34500335221924,243.45,233.34500335221924,242.22499999999997
ULTRACEMCO24AUG11200CE,"2024-08-19 10:31:00",230.21500670443845,242.85,230.1,236.475
ULTRACEMCO24AUG11200CE,"2024-08-19 10:30:00",230.33001340887688,230.33001340887688,230.1,230.1
ULTRACEMCO24AUG11200CE,"2024-08-19 10:29:00",233.01002681775373,233.01002681775373,227.65,227.65
ULTRACEMCO24AUG11200CE,"2024-08-19 10:28:00",235.32005363550746,235.32005363550746,227.65,230.7
ULTRACEMCO24AUG11200CE,"2024-08-19 10:27:00",236.8901072710149,236.8901072710149,233.75,233.75
ULTRACEMCO24AUG11200CE,"2024-08-19 10:26:00",240.0302145420298,240.0302145420298,233.75,233.75
ULTRACEMCO24AUG11200CE,"2024-08-19 10:25:00",245.6104290840596,245.6104290840596,233.75,234.45
ULTRACEMCO24AUG11200CE,"2024-08-19 10:24:00",250.44585816811917,250.44585816811917,235.15,240.775
ULTRACEMCO24AUG11200CE,"2024-08-19 10:23:00",247.89171633623835,253,247.89171633623835,253
ULTRACEMCO24AUG11200CE,"2024-08-19 10:22:00",246.9709326724767,253.55,244.35,248.8125
ULTRACEMCO24AUG11200CE,"2024-08-19 10:21:00",249.59186534495336,249.59186534495336,244.35,244.35
ULTRACEMCO24AUG11200CE,"2024-08-19 10:20:00",249.38373068990674,249.8,249.38373068990674,249.8
ULTRACEMCO24AUG11200CE,"2024-08-19 10:19:00",249.71746137981347,250.55,247.5,249.05
ULTRACEMCO24AUG11200CE,"2024-08-19 10:18:00",250.53492275962694,250.53492275962694,248.35,248.9
ULTRACEMCO24AUG11200CE,"2024-08-19 10:17:00",250.4948455192539,251.7,249.45,250.575
ULTRACEMCO24AUG11200CE,"2024-08-19 10:16:00",247.16469103850778,257.05,247.16469103850778,253.825
ULTRACEMCO24AUG11200CE,"2024-08-19 10:15:00",248.47938207701554,248.47938207701554,245.85,245.85
ULTRACEMCO24AUG11200CE,"2024-08-19 10:14:00",249.8837641540311,249.8837641540311,245.85,247.07500000000002
ULTRACEMCO24AUG11200CE,"2024-08-19 10:13:00",251.46752830806219,251.46752830806219,248.3,248.3
ULTRACEMCO24AUG11200CE,"2024-08-19 10:12:00",251.66005661612434,253.4,249.15,251.275
ULTRACEMCO24AUG11200CE,"2024-08-19 10:11:00",249.12011323224866,255,249.12011323224866,254.2
ULTRACEMCO24AUG11200CE,"2024-08-19 10:10:00",247.4902264644973,255,246.5,250.75
ULTRACEMCO24AUG11200CE,"2024-08-19 10:09:00",248.48045292899462,248.48045292899462,246.5,246.5
ULTRACEMCO24AUG11200CE,"2024-08-19 10:08:00",248.83590585798925,249.75,246.5,248.125
ULTRACEMCO24AUG11200CE,"2024-08-19 10:07:00",248.57181171597847,249.75,248.45,249.1
ULTRACEMCO24AUG11200CE,"2024-08-19 10:06:00",246.24362343195696,253.75,246.24362343195696,250.89999999999998
ULTRACEMCO24AUG11200CE,"2024-08-19 10:05:00",243.7622468639139,252.95,243.7622468639139,248.72500000000002
ULTRACEMCO24AUG11200CE,"2024-08-19 10:04:00",243.0244937278278,244.5,243.0244937278278,244.5
ULTRACEMCO24AUG11200CE,"2024-08-19 10:03:00",241.5489874556556,244.5,241.5489874556556,244.5
ULTRACEMCO24AUG11200CE,"2024-08-19 10:02:00",238.5979749113112,244.5,238.5979749113112,244.5
ULTRACEMCO24AUG11200CE,"2024-08-19 10:01:00",235.79594982262242,248,235.79594982262242,241.4
ULTRACEMCO24AUG11200CE,"2024-08-19 10:00:00",235.04189964524483,236.55,235.04189964524483,236.55
ULTRACEMCO24AUG11200CE,"2024-08-19 09:59:00",233.43379929048962,236.65,233.43379929048962,236.65
ULTRACEMCO24AUG11200CE,"2024-08-19 09:58:00",233.69259858097928,236.65,229.5,233.17499999999998
ULTRACEMCO24AUG11200CE,"2024-08-19 09:57:00",238.48519716195858,238.48519716195858,228.9,228.9
ULTRACEMCO24AUG11200CE,"2024-08-19 09:56:00",241.62039432391714,241.8,228.9,235.35
ULTRACEMCO24AUG11200CE,"2024-08-19 09:55:00",243.19078864783424,243.19078864783424,238.3,240.05
ULTRACEMCO24AUG11200CE,"2024-08-19 09:54:00",245.4815772956685,245.4815772956685,236,240.89999999999998
ULTRACEMCO24AUG11200CE,"2024-08-19 09:53:00",246.31315459133702,246.31315459133702,244.65,244.65
ULTRACEMCO24AUG11200CE,"2024-08-19 09:52:00",248.97630918267402,248.97630918267402,242.65,243.65
ULTRACEMCO24AUG11200CE,"2024-08-19 09:51:00",254.12761836534804,254.12761836534804,242.65,243.825
ULTRACEMCO24AUG11200CE,"2024-08-19 09:50:00",253.25523673069605,255,253.25523673069605,255
ULTRACEMCO24AUG11200CE,"2024-08-19 09:49:00",252.37297346139212,255.7,250.15,254.1375
ULTRACEMCO24AUG11200CE,"2024-08-19 09:48:00",253.74594692278424,253.74594692278424,251,251
ULTRACEMCO24AUG11200CE,"2024-08-19 09:47:00",255.41689384556852,255.41689384556852,251,252.075
ULTRACEMCO24AUG11200CE,"2024-08-19 09:46:00",256.45878769113705,256.45878769113705,253.15,254.375
ULTRACEMCO24AUG11200CE,"2024-08-19 09:45:00",257.3175753822741,257.3175753822741,255.6,255.6
ULTRACEMCO24AUG11200CE,"2024-08-19 09:44:00",258.83515076454813,258.83515076454813,255.6,255.8
ULTRACEMCO24AUG11200CE,"2024-08-19 09:43:00",258.42030152909626,259.25,258.42030152909626,259.25
ULTRACEMCO24AUG11200CE,"2024-08-19 09:42:00",257.0156030581926,261.15,257.0156030581926,259.825
ULTRACEMCO24AUG11200CE,"2024-08-19 09:41:00",254.50620611638527,265.25,254.50620611638527,259.525
ULTRACEMCO24AUG11200CE,"2024-08-19 09:40:00",253.16241223277058,255.85,253.16241223277058,255.85
ULTRACEMCO24AUG11200CE,"2024-08-19 09:39:00",252.34982446554113,255.85,250.55,253.975
ULTRACEMCO24AUG11200CE,"2024-08-19 09:38:00",249.13714893108224,263.4,249.13714893108224,255.5625
ULTRACEMCO24AUG11200CE,"2024-08-19 09:37:00",246.19929786216449,252.7,246.19929786216449,252.075
ULTRACEMCO24AUG11200CE,"2024-08-19 09:36:00",243.061095724329,252.7,243.061095724329,249.33749999999998
ULTRACEMCO24AUG11200CE,"2024-08-19 09:35:00",242.94719144865797,246.35,240,243.175
ULTRACEMCO24AUG11200CE,"2024-08-19 09:34:00",246.70688289731595,246.70688289731595,238,239.1875
ULTRACEMCO24AUG11200CE,"2024-08-19 09:33:00",252.16376579463187,252.16376579463187,238,241.25
ULTRACEMCO24AUG11200CE,"2024-08-19 09:32:00",256.75253158926375,256.75253158926375,244.5,247.575
ULTRACEMCO24AUG11200CE,"2024-08-19 09:31:00",260.5675631785275,260.5675631785275,249.9,252.9375
ULTRACEMCO24AUG11200CE,"2024-08-19 09:30:00",263.83512635705495,263.83512635705495,255.6,257.3
ULTRACEMCO24AUG11200CE,"2024-08-19 09:29:00",266.28275271410996,266.28275271410996,257,261.3875
ULTRACEMCO24AUG11200CE,"2024-08-19 09:28:00",268.6280054282199,268.6280054282199,257.75,263.9375
ULTRACEMCO24AUG11200CE,"2024-08-19 09:27:00",272.3310108564399,272.3310108564399,264.85,264.925
ULTRACEMCO24AUG11200CE,"2024-08-19 09:26:00",277.0370217128798,277.0370217128798,261.5,267.625
ULTRACEMCO24AUG11200CE,"2024-08-19 09:25:00",276.1990434257596,283.75,272,277.875
ULTRACEMCO24AUG11200CE,"2024-08-19 09:24:00",274.49808685151925,283.75,272.05,277.9
ULTRACEMCO24AUG11200CE,"2024-08-19 09:23:00",278.4461737030385,278.4461737030385,267.6,270.55
ULTRACEMCO24AUG11200CE,"2024-08-19 09:22:00",286.14234740607696,286.14234740607696,267.5,270.75
ULTRACEMCO24AUG11200CE,"2024-08-19 09:21:00",292.084694812154,292.084694812154,272.8,280.2
ULTRACEMCO24AUG11200CE,"2024-08-19 09:20:00",299.96938962430795,299.96938962430795,275,284.2
ULTRACEMCO24AUG11200CE,"2024-08-19 09:19:00",305.73877924861586,305.73877924861586,288.4,294.2
ULTRACEMCO24AUG11200CE,"2024-08-19 09:18:00",303.77755849723167,310.6,303.77755849723167,307.7
ULTRACEMCO24AUG11200CE,"2024-08-19 09:17:00",287.1051169944634,324.9,287.1051169944634,320.45
ULTRACEMCO24AUG11200CE,"2024-08-19 09:16:00",261.2477339889268,324.9,261.2477339889268,312.9625
ULTRACEMCO24AUG11200CE,"2024-08-19 09:15:00",226.30796797785365,310,226.30796797785365,296.1875
ULTRACEMCO24AUG11200CE,"2024-08-16 15:29:00",225.6159359557073,227,225.6159359557073,227
ULTRACEMCO24AUG11200CE,"2024-08-16 15:28:00",225.2443719114146,227,223.5,225.9875
ULTRACEMCO24AUG11200CE,"2024-08-16 15:27:00",225.2387438228292,226.45,224.05,225.25
ULTRACEMCO24AUG11200CE,"2024-08-16 15:26:00",225.2274876456584,226.45,224.05,225.25
ULTRACEMCO24AUG11200CE,"2024-08-16 15:25:00",226.16747529131678,226.45,220,224.28750000000002
ULTRACEMCO24AUG11200CE,"2024-08-16 15:24:00",226.77245058263355,227,224,225.5625
ULTRACEMCO24AUG11200CE,"2024-08-16 15:23:00",226.44490116526708,229.45,224.15,227.1
ULTRACEMCO24AUG11200CE,"2024-08-16 15:22:00",225.06480233053418,227.9,225.06480233053418,227.825
ULTRACEMCO24AUG11200CE,"2024-08-16 15:21:00",225.25460466106836,227.8,221.95,224.875
ULTRACEMCO24AUG11200CE,"2024-08-16 15:20:00",228.7717093221367,228.7717093221367,221,221.7375
ULTRACEMCO24AUG11200CE,"2024-08-16 15:19:00",230.2934186442734,230.2934186442734,224.5,227.25
ULTRACEMCO24AUG11200CE,"2024-08-16 15:18:00",228.99933728854685,233.2,228.99933728854685,231.58749999999998
ULTRACEMCO24AUG11200CE,"2024-08-16 15:17:00",226.5611745770937,234.75,226.5611745770937,231.4375
ULTRACEMCO24AUG11200CE,"2024-08-16 15:16:00",226.17234915418743,228.9,225,226.95
ULTRACEMCO24AUG11200CE,"2024-08-16 15:15:00",225.60719830837488,228.9,224.45,226.7375
ULTRACEMCO24AUG11200CE,"2024-08-16 15:14:00",224.38939661674974,228.6,224.38939661674974,226.82500000000002
ULTRACEMCO24AUG11200CE,"2024-08-16 15:13:00",221.39129323349948,231.45,221.39129323349948,227.3875
ULTRACEMCO24AUG11200CE,"2024-08-16 15:12:00",216.43258646699897,228.4,216.43258646699897,226.35
ULTRACEMCO24AUG11200CE,"2024-08-16 15:11:00",213.01517293399795,225,213.01517293399795,219.85
ULTRACEMCO24AUG11200CE,"2024-08-16 15:10:00",209.9053458679959,218.95,209.9053458679959,216.125
ULTRACEMCO24AUG11200CE,"2024-08-16 15:09:00",206.83569173599176,218.95,206.83569173599176,212.97500000000002
ULTRACEMCO24AUG11200CE,"2024-08-16 15:08:00",207.82138347198355,207.82138347198355,204.7,205.85
ULTRACEMCO24AUG11200CE,"2024-08-16 15:07:00",207.65526694396706,211.55,204.7,207.9875
ULTRACEMCO24AUG11200CE,"2024-08-16 15:06:00",206.81053388793413,211,206,208.5
ULTRACEMCO24AUG11200CE,"2024-08-16 15:05:00",204.84606777586822,212.15,204.8,208.775
ULTRACEMCO24AUG11200CE,"2024-08-16 15:04:00",201.11713555173645,212.15,201.11713555173645,208.575
ULTRACEMCO24AUG11200CE,"2024-08-16 15:03:00",201.58427110347287,205,195.6,200.65
ULTRACEMCO24AUG11200CE,"2024-08-16 15:02:00",202.46854220694576,205.05,197,200.7
ULTRACEMCO24AUG11200CE,"2024-08-16 15:01:00",198.64958441389152,214.15,198.64958441389152,206.2875
ULTRACEMCO24AUG11200CE,"2024-08-16 15:00:00",195.03666882778305,206.65,195.03666882778305,202.2625
ULTRACEMCO24AUG11200CE,"2024-08-16 14:59:00",191.4983376555661,202.3,191.4983376555661,198.575
ULTRACEMCO24AUG11200CE,"2024-08-16 14:58:00",190.4966753111322,195,190,192.5
ULTRACEMCO24AUG11200CE,"2024-08-16 14:57:00",190.49335062226442,192,188,190.5
ULTRACEMCO24AUG11200CE,"2024-08-16 14:56:00",190.36170124452883,192,188.45,190.625
ULTRACEMCO24AUG11200CE,"2024-08-16 14:55:00",189.66090248905766,193.85,187.35,191.0625
ULTRACEMCO24AUG11200CE,"2024-08-16 14:54:00",187.72180497811536,193,187.72180497811536,191.6
ULTRACEMCO24AUG11200CE,"2024-08-16 14:53:00",186.53110995623075,192,186,188.9125
ULTRACEMCO24AUG11200CE,"2024-08-16 14:52:00",186.3747199124615,189.55,181.4,186.6875
ULTRACEMCO24AUG11200CE,"2024-08-16 14:51:00",184.47443982492302,190,184.47443982492302,188.27499999999998
ULTRACEMCO24AUG11200CE,"2024-08-16 14:50:00",182.09887964984603,189.6,182.09887964984603,186.85
ULTRACEMCO24AUG11200CE,"2024-08-16 14:49:00",180.59775929969203,186,180.59775929969203,183.6
ULTRACEMCO24AUG11200CE,"2024-08-16 14:48:00",177.53301859938404,188,177.53301859938404,183.66250000000002
ULTRACEMCO24AUG11200CE,"2024-08-16 14:47:00",175.69103719876804,183.75,175,179.375
ULTRACEMCO24AUG11200CE,"2024-08-16 14:46:00",179.0320743975361,179.0320743975361,169.4,172.35
ULTRACEMCO24AUG11200CE,"2024-08-16 14:45:00",184.4891487950722,184.4891487950722,170,173.575
ULTRACEMCO24AUG11200CE,"2024-08-16 14:44:00",186.4532975901444,187.9,177.15,182.525
ULTRACEMCO24AUG11200CE,"2024-08-16 14:43:00",186.21909518028878,188.85,185,186.6875
ULTRACEMCO24AUG11200CE,"2024-08-16 14:42:00",189.58819036057756,189.58819036057756,178.05,182.85000000000002
ULTRACEMCO24AUG11200CE,"2024-08-16 14:41:00",189.70138072115512,197.95,181,189.475
ULTRACEMCO24AUG11200CE,"2024-08-16 14:40:00",185.84026144231024,196,185.84026144231024,193.5625
ULTRACEMCO24AUG11200CE,"2024-08-16 14:39:00",180.16802288462048,194.9,180.16802288462048,191.5125
ULTRACEMCO24AUG11200CE,"2024-08-16 14:38:00",172.58604576924097,192,172.58604576924097,187.75
ULTRACEMCO24AUG11200CE,"2024-08-16 14:37:00",163.92209153848194,187,163.92209153848194,181.25
ULTRACEMCO24AUG11200CE,"2024-08-16 14:36:00",156.35668307696386,177,156.35668307696386,171.4875
ULTRACEMCO24AUG11200CE,"2024-08-16 14:35:00",147.45086615392773,176.6,147.45086615392773,165.2625
ULTRACEMCO24AUG11200CE,"2024-08-16 14:34:00",141.8017323078555,157,141.8017323078555,153.1
ULTRACEMCO24AUG11200CE,"2024-08-16 14:33:00",138.540964615711,150.35,138.540964615711,145.0625
ULTRACEMCO24AUG11200CE,"2024-08-16 14:32:00",138.25692923142202,143.25,135,138.825
ULTRACEMCO24AUG11200CE,"2024-08-16 14:31:00",139.08885846284403,139.08885846284403,136.65,137.42499999999998
ULTRACEMCO24AUG11200CE,"2024-08-16 14:30:00",139.21521692568805,141.8,136.6,138.96249999999998
ULTRACEMCO24AUG11200CE,"2024-08-16 14:29:00",135.1304338513761,145.9,135.1304338513761,143.3
ULTRACEMCO24AUG11200CE,"2024-08-16 14:28:00",129.4483677027522,143.3,129.4483677027522,140.8125
ULTRACEMCO24AUG11200CE,"2024-08-16 14:27:00",125.52173540550442,138.75,125.52173540550442,133.375
ULTRACEMCO24AUG11200CE,"2024-08-16 14:26:00",122.51847081100884,130.1,122.51847081100884,128.525
ULTRACEMCO24AUG11200CE,"2024-08-16 14:25:00",120.18694162201768,128.9,120.18694162201768,124.85
ULTRACEMCO24AUG11200CE,"2024-08-16 14:24:00",119.59888324403535,121.85,119.59888324403535,120.775
ULTRACEMCO24AUG11200CE,"2024-08-16 14:23:00",119.6477664880707,120.3,118.95,119.55
ULTRACEMCO24AUG11200CE,"2024-08-16 14:22:00",119.3080329761414,123,118.95,119.9875
ULTRACEMCO24AUG11200CE,"2024-08-16 14:21:00",119.5285659522828,119.5285659522828,118.9,119.0875
ULTRACEMCO24AUG11200CE,"2024-08-16 14:20:00",119.7071319045656,120,118.65,119.35000000000001
ULTRACEMCO24AUG11200CE,"2024-08-16 14:19:00",119.0392638091312,121.35,119.0392638091312,120.375
ULTRACEMCO24AUG11200CE,"2024-08-16 14:18:00",118.4035276182624,121.35,118,119.67500000000001
ULTRACEMCO24AUG11200CE,"2024-08-16 14:17:00",118.95705523652481,118.95705523652481,117,117.85
ULTRACEMCO24AUG11200CE,"2024-08-16 14:16:00",119.3391104730496,119.65,116.8,118.575
ULTRACEMCO24AUG11200CE,"2024-08-16 14:15:00",119.0282209460992,119.65,119.0282209460992,119.65
ULTRACEMCO24AUG11200CE,"2024-08-16 14:14:00",118.88144189219838,119.65,118.7,119.17500000000001
ULTRACEMCO24AUG11200CE,"2024-08-16 14:13:00",119.06288378439677,119.06288378439677,118.7,118.7
ULTRACEMCO24AUG11200CE,"2024-08-16 14:12:00",119.40076756879355,119.40076756879355,118.2,118.725
ULTRACEMCO24AUG11200CE,"2024-08-16 14:11:00",119.45153513758711,119.7,119,119.35
ULTRACEMCO24AUG11200CE,"2024-08-16 14:10:00",119.20307027517421,119.7,119.20307027517421,119.7
ULTRACEMCO24AUG11200CE,"2024-08-16 14:09:00",118.70614055034841,119.7,118.70614055034841,119.7
ULTRACEMCO24AUG11200CE,"2024-08-16 14:08:00",118.19978110069682,120,118,119.21249999999999
ULTRACEMCO24AUG11200CE,"2024-08-16 14:07:00",117.11206220139366,121.8,117.11206220139366,119.2875
ULTRACEMCO24AUG11200CE,"2024-08-16 14:06:00",116.29912440278729,118.1,116.29912440278729,117.92500000000001
ULTRACEMCO24AUG11200CE,"2024-08-16 14:05:00",115.62324880557458,117.75,115.62324880557458,116.975
ULTRACEMCO24AUG11200CE,"2024-08-16 14:04:00",115.08399761114917,116.4,115.08399761114917,116.1625
ULTRACEMCO24AUG11200CE,"2024-08-16 14:03:00",114.14299522229834,118,114.14299522229834,116.025
ULTRACEMCO24AUG11200CE,"2024-08-16 14:02:00",113.28599044459668,115,113.28599044459668,115
ULTRACEMCO24AUG11200CE,"2024-08-16 14:01:00",112.24698088919334,115,112.24698088919334,114.325
ULTRACEMCO24AUG11200CE,"2024-08-16 14:00:00",111.83146177838667,113.7,111.65,112.6625
ULTRACEMCO24AUG11200CE,"2024-08-16 13:59:00",112.28792355677334,112.28792355677334,109.95,111.375
ULTRACEMCO24AUG11200CE,"2024-08-16 13:58:00",114.10084711354668,114.10084711354668,109,110.475
ULTRACEMCO24AUG11200CE,"2024-08-16 13:57:00",116.20169422709337,116.20169422709337,109,112
ULTRACEMCO24AUG11200CE,"2024-08-16 13:56:00",117.40338845418674,117.40338845418674,115,115
ULTRACEMCO24AUG11200CE,"2024-08-16 13:55:00",118.51927690837348,118.51927690837348,114.15,116.2875
ULTRACEMCO24AUG11200CE,"2024-08-16 13:54:00",119.03855381674697,119.03855381674697,118,118
ULTRACEMCO24AUG11200CE,"2024-08-16 13:53:00",119.57710763349395,119.57710763349395,118,118.5
ULTRACEMCO24AUG11200CE,"2024-08-16 13:52:00",120.0042152669879,120.0042152669879,119,119.15
ULTRACEMCO24AUG11200CE,"2024-08-16 13:51:00",121.2334305339758,121.2334305339758,117.65,118.77499999999999
ULTRACEMCO24AUG11200CE,"2024-08-16 13:50:00",122.0668610679516,122.0668610679516,118.85,120.4
ULTRACEMCO24AUG11200CE,"2024-08-16 13:49:00",121.97122213590322,123.2,120.35,122.1625
ULTRACEMCO24AUG11200CE,"2024-08-16 13:48:00",121.57994427180645,123.25,121,122.3625
ULTRACEMCO24AUG11200CE,"2024-08-16 13:47:00",121.1598885436129,122,121.1598885436129,122
ULTRACEMCO24AUG11200CE,"2024-08-16 13:46:00",121.31977708722579,122,120,121
ULTRACEMCO24AUG11200CE,"2024-08-16 13:45:00",121.76455417445158,121.76455417445158,120,120.875
ULTRACEMCO24AUG11200CE,"2024-08-16 13:44:00",120.97910834890314,123.35,120.97910834890314,122.55
ULTRACEMCO24AUG11200CE,"2024-08-16 13:43:00",119.80821669780627,123.35,119.80821669780627,122.15
ULTRACEMCO24AUG11200CE,"2024-08-16 13:42:00",117.85393339561256,122.65,117.85393339561256,121.7625
ULTRACEMCO24AUG11200CE,"2024-08-16 13:41:00",115.8828667912251,121.5,115.8828667912251,119.825
ULTRACEMCO24AUG11200CE,"2024-08-16 13:40:00",115.26573358245018,118.15,113.95,116.5
ULTRACEMCO24AUG11200CE,"2024-08-16 13:39:00",115.80646716490037,115.80646716490037,114.25,114.725
ULTRACEMCO24AUG11200CE,"2024-08-16 13:38:00",116.60043432980073,116.60043432980073,114,115.0125
ULTRACEMCO24AUG11200CE,"2024-08-16 13:37:00",117.30086865960146,117.30086865960146,115.9,115.9
ULTRACEMCO24AUG11200CE,"2024-08-16 13:36:00",118.95173731920292,118.95173731920292,115.4,115.65
ULTRACEMCO24AUG11200CE,"2024-08-16 13:35:00",120.82847463840586,120.82847463840586,116.15,117.07499999999999
ULTRACEMCO24AUG11200CE,"2024-08-16 13:34:00",121.68194927681174,121.95,118,119.975
ULTRACEMCO24AUG11200CE,"2024-08-16 13:33:00",121.76389855362348,122,121,121.6
ULTRACEMCO24AUG11200CE,"2024-08-16 13:32:00",121.62779710724698,122.35,121.45,121.89999999999999
ULTRACEMCO24AUG11200CE,"2024-08-16 13:31:00",120.49309421449394,124.85,119.15,122.76250000000002
ULTRACEMCO24AUG11200CE,"2024-08-16 13:30:00",118.81118842898788,124.7,118.81118842898788,122.175
ULTRACEMCO24AUG11200CE,"2024-08-16 13:29:00",118.59737685797575,120.2,116.8,119.025
ULTRACEMCO24AUG11200CE,"2024-08-16 13:28:00",118.31975371595149,120.3,117.5,118.875
ULTRACEMCO24AUG11200CE,"2024-08-16 13:27:00",117.42700743190298,120.35,117.42700743190298,119.2125
ULTRACEMCO24AUG11200CE,"2024-08-16 13:26:00",116.10401486380596,120,116.10401486380596,118.75
ULTRACEMCO24AUG11200CE,"2024-08-16 13:25:00",115.7080297276119,117.5,115.5,116.5
ULTRACEMCO24AUG11200CE,"2024-08-16 13:24:00",115.9160594552238,115.9160594552238,115.5,115.5
ULTRACEMCO24AUG11200CE,"2024-08-16 13:23:00",116.33211891044762,116.33211891044762,115.5,115.5
ULTRACEMCO24AUG11200CE,"2024-08-16 13:22:00",116.08923782089524,117.65,115.5,116.575
ULTRACEMCO24AUG11200CE,"2024-08-16 13:21:00",115.59097564179046,117.65,115,116.5875
ULTRACEMCO24AUG11200CE,"2024-08-16 13:20:00",115.13195128358092,116.05,115.13195128358092,116.05
ULTRACEMCO24AUG11200CE,"2024-08-16 13:19:00",114.11390256716184,117,114.11390256716184,116.14999999999999
ULTRACEMCO24AUG11200CE,"2024-08-16 13:18:00",113.2653051343237,116.9,113.2653051343237,114.96249999999999
ULTRACEMCO24AUG11200CE,"2024-08-16 13:17:00",113.0306102686474,113.5,113.0306102686474,113.5
ULTRACEMCO24AUG11200CE,"2024-08-16 13:16:00",112.7987205372948,113.5,112.55,113.2625
ULTRACEMCO24AUG11200CE,"2024-08-16 13:15:00",112.4724410745896,114.2,112.4,113.125
ULTRACEMCO24AUG11200CE,"2024-08-16 13:14:00",112.24488214917922,113.6,112.24488214917922,112.69999999999999
ULTRACEMCO24AUG11200CE,"2024-08-16 13:13:00",112.56476429835843,112.56476429835843,111.45,111.92500000000001
ULTRACEMCO24AUG11200CE,"2024-08-16 13:12:00",112.62952859671685,113.55,111.45,112.5
ULTRACEMCO24AUG11200CE,"2024-08-16 13:11:00",112.2590571934337,113.55,112.2590571934337,113
ULTRACEMCO24AUG11200CE,"2024-08-16 13:10:00",112.06811438686742,112.45,112.06811438686742,112.45
ULTRACEMCO24AUG11200CE,"2024-08-16 13:09:00",111.68622877373483,112.45,111.68622877373483,112.45
ULTRACEMCO24AUG11200CE,"2024-08-16 13:08:00",111.14745754746964,112.55,111.14745754746964,112.225
ULTRACEMCO24AUG11200CE,"2024-08-16 13:07:00",111.79491509493928,111.95,109.05,110.5
ULTRACEMCO24AUG11200CE,"2024-08-16 13:06:00",112.63983018987858,112.85,109.05,110.95
ULTRACEMCO24AUG11200CE,"2024-08-16 13:05:00",113.01716037975716,113.01716037975716,111.6,112.26249999999999
ULTRACEMCO24AUG11200CE,"2024-08-16 13:04:00",113.15932075951432,114.15,111.6,112.875
ULTRACEMCO24AUG11200CE,"2024-08-16 13:03:00",112.56864151902863,114.15,112.56864151902863,113.75
ULTRACEMCO24AUG11200CE,"2024-08-16 13:02:00",111.42478303805726,114.85,111.42478303805726,113.7125
ULTRACEMCO24AUG11200CE,"2024-08-16 13:01:00",110.67456607611453,113.55,110.67456607611453,112.175
ULTRACEMCO24AUG11200CE,"2024-08-16 13:00:00",110.33663215222907,111.45,110.33663215222907,111.0125
ULTRACEMCO24AUG11200CE,"2024-08-16 12:59:00",109.92326430445816,111.5,109,110.75
ULTRACEMCO24AUG11200CE,"2024-08-16 12:58:00",109.32152860891631,111.8,109.32152860891631,110.525
ULTRACEMCO24AUG11200CE,"2024-08-16 12:57:00",108.11805721783261,112.15,108.11805721783261,110.525
ULTRACEMCO24AUG11200CE,"2024-08-16 12:56:00",107.08611443566522,111.15,107.08611443566522,109.15
