,symbol,datetime,enabled,fail_count
0,ABB24JUN7250PE,2024-05-03 09:15:00,True,0
1,ASIANPAINT24JUN2880CE,2024-06-13 13:15:00,True,0
2,ASIANPAINT24JUN2900PE,2024-06-13 13:15:00,True,0
3,BAJFINANCE24JUN6900CE,2024-06-13 13:15:00,True,0
4,BANKNIFTY2461248600CE,2024-06-12 15:15:00,True,0
5,BANKNIFTY2461249100PE,2024-06-12 15:15:00,True,0
6,BOSCHLTD24JUN29500CE,2024-05-31 15:15:00,True,0
7,BOSCHLTD24JUN29500PE,2024-06-13 13:15:00,True,0
8,BRITANNIA24JUN4900CE,2024-06-05 15:15:00,True,0
9,BRITANNIA24JUN5300CE,2024-06-13 13:15:00,True,0
10,EICHERMOT24JUN4500PE,2024-06-13 13:15:00,True,0
11,EICHERMOT24JUN4750CE,2024-06-13 13:15:00,True,0
12,EICHERMOT24JUN4950CE,2024-06-13 13:15:00,True,0
13,FINNIFTY2461821950CE,2024-06-13 13:15:00,True,0
14,FINNIFTY2461822250PE,2024-06-13 13:15:00,True,0
15,HEROMOTOCO24JUN4900PE,2024-06-13 13:15:00,True,0
16,INFY24JUN1380CE,2024-06-13 13:15:00,True,0
17,INFY24JUN1540CE,2024-06-13 13:15:00,True,0
18,LTIM24JUN4850CE,2024-06-13 13:15:00,True,0
19,MARUTI24JUN13200CE,2024-06-13 13:15:00,True,0
20,MARUTI24JUN13300PE,2024-06-13 13:15:00,True,0
21,NIFTY2461322650CE,2024-06-13 13:15:00,True,0
22,NIFTY2461322850CE,2024-06-13 13:15:00,True,0
23,NIFTY2461322850PE,2024-06-13 13:15:00,True,0
24,NIFTY2461323400CE,2024-06-13 13:15:00,True,0
25,NIFTY2461323450CE,2024-06-13 13:15:00,True,0
26,OFSS24JUN7000PE,2024-06-07 15:15:00,True,0
27,PIIND24JUN3650CE,2024-06-13 13:15:00,True,0
28,RELIANCE24JUN2800CE,2024-06-13 13:15:00,True,0
29,RELIANCE24JUN2900CE,2024-06-13 13:15:00,True,0
30,RELIANCE24JUN3020PE,2024-06-13 13:15:00,True,0
31,SHREECEM24JUN24500CE,2024-06-07 15:15:00,True,0
32,SHREECEM24JUN24500PE,2024-06-13 09:20:00,True,1
33,TCS24JUN3450CE,2024-06-06 15:15:00,True,0
34,TCS24JUN3550PE,2024-06-13 13:15:00,True,0
35,TCS24JUN4050CE,2024-06-13 13:15:00,True,0
36,TCS24JUN4050PE,2024-06-13 13:15:00,True,0
37,TRENT24JUN4600PE,2024-06-13 13:15:00,True,0
38,TRENT24JUN4900CE,2024-06-13 13:15:00,True,0
39,TRENT24JUN5000CE,2024-06-13 13:15:00,True,0
40,TRENT24JUN5000PE,2024-06-13 13:15:00,True,0
41,TRENT24JUN5150CE,2024-06-13 13:15:00,True,0
42,ULTRACEMCO24JUN10800PE,2024-06-13 13:15:00,True,0
43,ASIANPAINT24JUN2840CE,2024-06-13 13:15:00,True,0
44,ASIANPAINT24JUN2880PE,2024-06-13 13:15:00,True,0
45,ASIANPAINT24JUN2900CE,2024-06-13 13:15:00,True,0
46,ASIANPAINT24JUN2960CE,2024-06-13 13:15:00,True,0
47,ASIANPAINT24JUN3020PE,2024-06-13 13:15:00,True,0
48,BAJFINANCE24JUN6650CE,2024-06-13 09:20:00,True,1
49,BAJFINANCE24JUN7450PE,2024-06-13 09:20:00,True,1
50,BANKNIFTY2461249300CE,2024-06-12 15:15:00,True,0
51,BANKNIFTY2461249400CE,2024-06-12 15:15:00,True,0
52,BANKNIFTY2461249500PE,2024-06-12 15:15:00,True,0
53,BANKNIFTY2461249800CE,2024-06-12 15:15:00,True,0
54,BANKNIFTY2461250300PE,2024-06-12 15:15:00,True,0
55,BOSCHLTD24JUN32000CE,2024-06-13 13:15:00,True,0
56,BRITANNIA24JUN5150CE,2024-06-13 09:20:00,True,1
57,EICHERMOT24JUN4250PE,2024-06-13 09:20:00,True,1
58,EICHERMOT24JUN4600PE,2024-06-13 13:15:00,True,0
59,EICHERMOT24JUN4900PE,2024-06-13 13:15:00,True,0
60,HEROMOTOCO24JUN4900CE,2024-06-13 09:20:00,True,1
61,HEROMOTOCO24JUN5200CE,2024-06-13 13:15:00,True,0
62,INFY24JUN1360CE,2024-06-13 13:15:00,True,0
63,LTIM24JUN5000CE,2024-06-13 13:15:00,True,0
64,MARUTI24JUN13100CE,2024-06-13 13:15:00,True,0
65,MIDCPNIFTY24JUN11875PE,2024-06-13 13:15:00,True,0
66,MIDCPNIFTY24JUN12000PE,2024-06-13 13:15:00,True,0
67,MIDCPNIFTY24JUN12200PE,2024-05-27 09:15:00,True,0
68,NIFTY2461323000PE,2024-06-13 13:15:00,True,0
69,PIDILITIND24JUN2900CE,2024-06-13 09:20:00,True,1
70,PIDILITIND24JUN3040CE,2024-06-13 13:15:00,True,0
71,PIDILITIND24JUN3160PE,2024-06-13 13:15:00,True,0
72,PIIND24JUN3800PE,2024-06-13 09:20:00,True,1
73,RELIANCE24JUN2700CE,2024-06-13 13:15:00,True,0
74,RELIANCE24JUN2900PE,2024-06-13 13:15:00,True,0
75,RELIANCE24JUN3080CE,2024-06-13 13:15:00,True,0
76,RELIANCE24JUN3100CE,2024-06-13 13:15:00,True,0
77,SHREECEM24JUN24250CE,2024-06-05 09:15:00,True,0
78,SHREECEM24JUN26250PE,2024-06-13 13:15:00,True,0
79,SHREECEM24JUN26500PE,2024-06-13 13:15:00,True,0
80,SHREECEM24JUN28000CE,2024-06-13 13:15:00,True,0
81,SIEMENS24JUN6200PE,2024-06-13 13:15:00,True,0
82,ULTRACEMCO24JUN10100PE,2024-06-13 13:15:00,True,0
83,ASIANPAINT24JUN2820PE,2024-06-13 13:15:00,True,0
84,ASIANPAINT24JUN2920PE,2024-06-13 13:15:00,True,0
85,ASIANPAINT24JUN2980PE,2024-06-13 13:15:00,True,0
86,BAJFINANCE24JUN6400CE,2024-06-13 09:20:00,True,1
87,BAJFINANCE24JUN6450PE,2024-06-13 13:15:00,True,0
88,BAJFINANCE24JUN6500PE,2024-06-13 13:15:00,True,0
89,BAJFINANCE24JUN7300CE,2024-06-13 13:15:00,True,0
90,BAJFINANCE24JUN7350CE,2024-06-13 13:15:00,True,0
91,BAJFINANCE24JUN7450CE,2024-06-13 13:15:00,True,0
92,BANKNIFTY2461249100CE,2024-06-12 15:15:00,True,0
93,BANKNIFTY2461250100CE,2024-06-12 15:15:00,True,0
94,BANKNIFTY2461250300CE,2024-06-12 15:15:00,True,0
95,BOSCHLTD24JUN29250CE,2024-06-05 15:15:00,True,0
96,BOSCHLTD24JUN30000CE,2024-06-13 13:15:00,True,0
97,BRITANNIA24JUN4900PE,2024-06-13 13:15:00,True,0
98,EICHERMOT24JUN4400PE,2024-06-13 13:15:00,True,0
99,EICHERMOT24JUN4650PE,2024-06-13 13:15:00,True,0
100,FINNIFTY2461822200PE,2024-06-13 13:15:00,True,0
101,HEROMOTOCO24JUN4850PE,2024-06-13 13:15:00,True,0
102,INFY24JUN1400CE,2024-06-13 13:15:00,True,0
103,INFY24JUN1440CE,2024-06-13 13:15:00,True,0
104,INFY24JUN1500CE,2024-06-13 13:15:00,True,0
105,LTIM24JUN4750CE,2024-06-13 13:15:00,True,0
106,LTIM24JUN4950CE,2024-06-13 13:15:00,True,0
107,LTIM24JUN5050CE,2024-06-13 13:15:00,True,0
108,MARUTI24JUN12000CE,2024-06-13 13:15:00,True,0
109,MARUTI24JUN12700PE,2024-06-13 13:15:00,True,0
110,MARUTI24JUN12800CE,2024-06-13 13:15:00,True,0
111,MIDCPNIFTY24JUN11850CE,2024-06-13 13:15:00,True,0
112,MIDCPNIFTY24JUN11900CE,2024-06-13 13:15:00,True,0
113,MIDCPNIFTY24JUN12500PE,2024-06-13 13:15:00,True,0
114,OFSS24JUN8000CE,2024-06-13 09:20:00,True,1
115,PIDILITIND24JUN3220PE,2024-06-13 09:20:00,True,1
116,PIIND24JUN3400CE,2024-06-04 15:15:00,True,0
117,PIIND24JUN3450PE,2024-06-13 13:15:00,True,0
118,PIIND24JUN3500CE,2024-06-13 13:15:00,True,0
119,SHREECEM24JUN24250PE,2024-06-13 09:20:00,True,1
120,SIEMENS24JUN6600PE,2024-06-13 13:15:00,True,0
121,TCS24JUN3700CE,2024-06-13 13:15:00,True,0
122,TRENT24JUN4450CE,2024-06-05 15:15:00,True,0
123,TRENT24JUN4750PE,2024-06-13 13:15:00,True,0
124,ULTRACEMCO24JUN10900CE,2024-06-13 13:15:00,True,0
125,ULTRACEMCO24JUN9500CE,2024-06-13 13:15:00,True,0
126,ABB24JUN7050CE,2024-05-02 09:15:00,True,0
127,ABB24JUN7300CE,2024-05-06 09:15:00,True,0
128,ASIANPAINT24JUN3000CE,2024-06-13 13:15:00,True,0
129,ASIANPAINT24JUN3040PE,2024-06-13 13:15:00,True,0
130,BAJFINANCE24JUN6750PE,2024-06-13 13:15:00,True,0
131,BANKNIFTY2461249700PE,2024-06-12 15:15:00,True,0
132,BANKNIFTY2461249900PE,2024-06-12 15:15:00,True,0
133,BOSCHLTD24JUN28750CE,2024-06-05 15:15:00,True,0
134,BOSCHLTD24JUN32250CE,2024-06-13 13:15:00,True,0
135,BRITANNIA24JUN5150PE,2024-06-13 13:15:00,True,0
136,BRITANNIA24JUN5400PE,2024-06-13 13:15:00,True,0
137,EICHERMOT24JUN4400CE,2024-06-13 13:15:00,True,0
138,EICHERMOT24JUN4900CE,2024-06-13 13:15:00,True,0
139,FINNIFTY2461822050CE,2024-06-13 13:15:00,True,0
140,FINNIFTY2461822100PE,2024-06-13 13:15:00,True,0
141,FINNIFTY2461822200CE,2024-06-13 13:15:00,True,0
142,HEROMOTOCO24JUN4700CE,2024-06-05 15:15:00,True,0
143,HEROMOTOCO24JUN5200PE,2024-06-13 13:15:00,True,0
144,INFY24JUN1320CE,2024-06-13 09:20:00,True,1
145,LTIM24JUN5200CE,2024-06-13 13:15:00,True,0
146,MARUTI24JUN12100PE,2024-06-13 13:15:00,True,0
147,MARUTI24JUN12200CE,2024-06-13 13:15:00,True,0
148,MARUTI24JUN13300CE,2024-06-13 13:15:00,True,0
149,NIFTY2461322750PE,2024-06-13 13:15:00,True,0
150,NIFTY2461323100PE,2024-06-13 13:15:00,True,0
151,PIDILITIND24JUN2960CE,2024-06-04 15:15:00,True,0
152,PIDILITIND24JUN3120CE,2024-06-13 13:15:00,True,0
153,PIIND24JUN3300PE,2024-06-13 13:15:00,True,0
154,PIIND24JUN3600PE,2024-06-13 13:15:00,True,0
155,SHREECEM24JUN25500CE,2024-06-13 13:15:00,True,0
156,SHREECEM24JUN26250CE,2024-06-13 13:15:00,True,0
157,SHREECEM24JUN28250CE,2024-06-13 13:15:00,True,0
158,SIEMENS24JUN6450CE,2024-06-13 13:15:00,True,0
159,TCS24JUN3450PE,2024-06-13 13:15:00,True,0
160,TCS24JUN4000PE,2024-06-13 13:15:00,True,0
161,TCS24JUN4100PE,2024-06-13 13:15:00,True,0
162,TRENT24JUN4300CE,2024-06-04 15:15:00,True,0
163,TRENT24JUN4450PE,2024-06-13 09:20:00,True,1
164,TRENT24JUN4950PE,2024-06-13 13:15:00,True,0
165,ULTRACEMCO24JUN10300PE,2024-06-13 13:15:00,True,0
166,ULTRACEMCO24JUN10500PE,2024-06-13 13:15:00,True,0
167,ULTRACEMCO24JUN9600CE,2024-06-13 09:20:00,True,1
168,ABB24JUN7100CE,2024-05-13 15:15:00,True,0
169,ABB24JUN7400CE,2024-05-03 09:15:00,True,0
170,ASIANPAINT24JUN2820CE,2024-06-13 13:15:00,True,0
171,BAJFINANCE24JUN7300PE,2024-06-13 13:15:00,True,0
172,BAJFINANCE24JUN7400CE,2024-06-13 13:15:00,True,0
173,BANKNIFTY2461248900PE,2024-06-12 15:15:00,True,0
174,BANKNIFTY2461249400PE,2024-06-12 15:15:00,True,0
175,BOSCHLTD24JUN30500PE,2024-06-13 13:15:00,True,0
176,BOSCHLTD24JUN32000PE,2024-06-13 13:15:00,True,0
177,BRITANNIA24JUN5250PE,2024-06-13 13:15:00,True,0
178,BRITANNIA24JUN5300PE,2024-06-13 13:15:00,True,0
179,FINNIFTY2461822150PE,2024-06-13 13:15:00,True,0
180,INFY24JUN1540PE,2024-06-13 13:15:00,True,0
181,LTIM24JUN4850PE,2024-06-13 13:15:00,True,0
182,LTIM24JUN5100CE,2024-06-13 13:15:00,True,0
183,LTIM24JUN5150PE,2024-06-13 13:15:00,True,0
184,MARUTI24JUN13200PE,2024-06-13 13:15:00,True,0
185,NIFTY2461323350CE,2024-06-13 13:15:00,True,0
186,OFSS24JUN7500PE,2024-06-13 13:15:00,True,0
187,PIDILITIND24JUN2920PE,2024-06-05 09:15:00,True,0
188,PIDILITIND24JUN2940CE,2024-06-13 09:20:00,True,1
189,RELIANCE24JUN2720PE,2024-06-13 13:15:00,True,0
190,RELIANCE24JUN2740PE,2024-06-13 13:15:00,True,0
191,RELIANCE24JUN2780PE,2024-06-13 13:15:00,True,0
192,RELIANCE24JUN3040PE,2024-06-13 13:15:00,True,0
193,RELIANCE24JUN3120CE,2024-06-13 13:15:00,True,0
194,SHREECEM24JUN27250CE,2024-06-13 13:15:00,True,0
195,TCS24JUN3800PE,2024-06-13 13:15:00,True,0
196,TCS24JUN3850CE,2024-06-13 13:15:00,True,0
197,TCS24JUN3900CE,2024-06-13 13:15:00,True,0
198,TRENT24JUN4400CE,2024-06-13 09:20:00,True,1
199,TRENT24JUN4850CE,2024-06-13 13:15:00,True,0
200,TRENT24JUN5100CE,2024-06-13 13:15:00,True,0
201,TRENT24JUN5200PE,2024-06-13 13:15:00,True,0
202,ULTRACEMCO24JUN10400CE,2024-06-13 13:15:00,True,0
203,ULTRACEMCO24JUN9900CE,2024-06-13 09:20:00,True,1
204,ASIANPAINT24JUN2760PE,2024-06-13 13:15:00,True,0
205,ASIANPAINT24JUN2800CE,2024-06-13 13:15:00,True,0
206,BAJFINANCE24JUN6350PE,2024-06-13 09:20:00,True,1
207,BAJFINANCE24JUN6800CE,2024-06-13 13:15:00,True,0
208,BAJFINANCE24JUN7050CE,2024-06-13 13:15:00,True,0
209,BAJFINANCE24JUN7100CE,2024-06-13 13:15:00,True,0
210,BAJFINANCE24JUN7100PE,2024-06-13 13:15:00,True,0
211,BAJFINANCE24JUN7350PE,2024-06-13 13:15:00,True,0
212,BANKNIFTY2461248700PE,2024-06-12 15:15:00,True,0
213,BANKNIFTY2461249800PE,2024-06-12 15:15:00,True,0
214,BOSCHLTD24JUN29750CE,2024-06-13 09:20:00,True,1
215,BOSCHLTD24JUN30250CE,2024-06-13 09:20:00,True,1
216,BRITANNIA24JUN5050PE,2024-06-13 09:20:00,True,1
217,EICHERMOT24JUN4850CE,2024-06-13 13:15:00,True,0
218,FINNIFTY2461822050PE,2024-06-13 13:15:00,True,0
219,FINNIFTY2461822150CE,2024-06-13 13:15:00,True,0
220,HEROMOTOCO24JUN5300CE,2024-06-13 09:20:00,True,1
221,INFY24JUN1440PE,2024-06-13 13:15:00,True,0
222,INFY24JUN1500PE,2024-06-13 13:15:00,True,0
223,LTIM24JUN4400CE,2024-06-07 15:15:00,True,0
224,LTIM24JUN4550CE,2024-06-13 09:20:00,True,1
225,LTIM24JUN4900PE,2024-06-13 13:15:00,True,0
226,LTIM24JUN5050PE,2024-06-13 13:15:00,True,0
227,MARUTI24JUN12900CE,2024-06-13 13:15:00,True,0
228,MARUTI24JUN13000PE,2024-06-13 13:15:00,True,0
229,NIFTY2461323000CE,2024-06-13 13:15:00,True,0
230,NIFTY2461323150PE,2024-06-13 13:15:00,True,0
231,NIFTY2461323500PE,2024-06-13 13:15:00,True,0
232,OFSS24JUN8600PE,2024-06-13 13:15:00,True,0
233,PIDILITIND24JUN2980CE,2024-06-13 09:20:00,True,1
234,PIDILITIND24JUN3140CE,2024-06-13 13:15:00,True,0
235,PIIND24JUN3400PE,2024-06-13 13:15:00,True,0
236,RELIANCE24JUN2800PE,2024-06-13 13:15:00,True,0
237,RELIANCE24JUN2820PE,2024-06-13 13:15:00,True,0
238,RELIANCE24JUN2940PE,2024-06-13 13:15:00,True,0
239,RELIANCE24JUN2980CE,2024-06-13 13:15:00,True,0
240,RELIANCE24JUN2980PE,2024-06-13 13:15:00,True,0
241,SHREECEM24JUN25250PE,2024-06-07 15:15:00,True,0
242,SHREECEM24JUN25500PE,2024-06-13 13:15:00,True,0
243,SHREECEM24JUN26750PE,2024-06-13 13:15:00,True,0
244,SIEMENS24JUN6200CE,2024-06-06 15:15:00,True,0
245,SIEMENS24JUN6450PE,2024-06-05 09:15:00,True,0
246,SIEMENS24JUN6500PE,2024-06-13 13:15:00,True,0
247,TCS24JUN3550CE,2024-06-13 09:20:00,True,1
248,TCS24JUN3900PE,2024-06-13 13:15:00,True,0
249,TRENT24JUN4350PE,2024-06-13 09:20:00,True,1
250,TRENT24JUN4650CE,2024-06-13 09:20:00,True,1
251,TRENT24JUN4700CE,2024-06-13 13:15:00,True,0
252,TRENT24JUN5250PE,2024-06-13 13:15:00,True,0
253,ULTRACEMCO24JUN10100CE,2024-06-13 13:15:00,True,0
254,ULTRACEMCO24JUN10700PE,2024-06-13 13:15:00,True,0
255,ULTRACEMCO24JUN9400CE,2024-06-06 15:15:00,True,0
256,ULTRACEMCO24JUN9700CE,2024-06-13 09:20:00,True,1
257,ABB24JUN7500PE,2024-06-13 13:15:00,True,0
258,ASIANPAINT24JUN2780PE,2024-06-13 13:15:00,True,0
259,BAJFINANCE24JUN6300PE,2024-06-13 13:15:00,True,0
260,BAJFINANCE24JUN6550CE,2024-06-13 09:20:00,True,1
261,BAJFINANCE24JUN6900PE,2024-06-13 13:15:00,True,0
262,BAJFINANCE24JUN7050PE,2024-06-13 13:15:00,True,0
263,BAJFINANCE24JUN7250PE,2024-06-13 13:15:00,True,0
264,BAJFINANCE24JUN7400PE,2024-06-13 13:15:00,True,0
265,BANKNIFTY2461249200PE,2024-06-12 15:15:00,True,0
266,BANKNIFTY2461249600CE,2024-06-12 15:15:00,True,0
267,BANKNIFTY2461250200CE,2024-06-12 15:15:00,True,0
268,BOSCHLTD24JUN30500CE,2024-06-13 13:15:00,True,0
269,EICHERMOT24JUN4300PE,2024-06-13 13:15:00,True,0
270,EICHERMOT24JUN4700CE,2024-06-13 13:15:00,True,0
271,EICHERMOT24JUN4950PE,2024-06-13 09:20:00,True,1
272,EICHERMOT24JUN5000PE,2024-06-13 13:15:00,True,0
273,FINNIFTY2461821900CE,2024-06-13 13:15:00,True,0
274,HEROMOTOCO24JUN5300PE,2024-06-13 13:15:00,True,0
275,INFY24JUN1340CE,2024-06-13 09:20:00,True,1
276,LTIM24JUN4700PE,2024-06-13 13:15:00,True,0
277,MARUTI24JUN12500CE,2024-06-13 13:15:00,True,0
278,MARUTI24JUN12700CE,2024-06-13 13:15:00,True,0
279,MIDCPNIFTY24JUN12300CE,2024-06-13 13:15:00,True,0
280,MIDCPNIFTY24JUN12400PE,2024-05-27 09:15:00,True,0
281,NIFTY2461322650PE,2024-06-13 13:15:00,True,0
282,NIFTY2461322800CE,2024-06-13 13:15:00,True,0
283,NIFTY2461322800PE,2024-06-13 13:15:00,True,0
284,PIDILITIND24JUN2880PE,2024-06-13 13:15:00,True,0
285,PIDILITIND24JUN3180CE,2024-06-13 13:15:00,True,0
286,PIDILITIND24JUN3240CE,2024-06-13 13:15:00,True,0
287,PIDILITIND24JUN3240PE,2024-06-13 13:15:00,True,0
288,PIIND24JUN3300CE,2024-06-13 09:20:00,True,1
289,PIIND24JUN3550CE,2024-06-13 13:15:00,True,0
290,PIIND24JUN3750PE,2024-06-13 09:20:00,True,1
291,PIIND24JUN3850PE,2024-06-13 09:20:00,True,1
292,RELIANCE24JUN2740CE,2024-06-13 13:15:00,True,0
293,RELIANCE24JUN3000CE,2024-06-13 13:15:00,True,0
294,RELIANCE24JUN3000PE,2024-06-13 13:15:00,True,0
295,SHREECEM24JUN25250CE,2024-06-07 15:15:00,True,0
296,SHREECEM24JUN27500CE,2024-06-13 13:15:00,True,0
297,SIEMENS24JUN6100CE,2024-06-04 15:15:00,True,0
298,TCS24JUN3500PE,2024-06-13 13:15:00,True,0
299,TCS24JUN3950PE,2024-06-13 13:15:00,True,0
300,TRENT24JUN4400PE,2024-06-13 13:15:00,True,0
301,TRENT24JUN4750CE,2024-06-13 13:15:00,True,0
302,TRENT24JUN5250CE,2024-06-13 13:15:00,True,0
303,ULTRACEMCO24JUN10600PE,2024-06-13 13:15:00,True,0
304,ABB24JUN7250CE,2024-05-03 09:15:00,True,0
305,ASIANPAINT24JUN2940PE,2024-06-13 13:15:00,True,0
306,BAJFINANCE24JUN7000PE,2024-06-13 13:15:00,True,0
307,BANKNIFTY2461250000PE,2024-06-12 15:15:00,True,0
308,BOSCHLTD24JUN31000CE,2024-06-13 13:15:00,True,0
309,BOSCHLTD24JUN31250PE,2024-06-13 13:15:00,True,0
310,BRITANNIA24JUN5000PE,2024-06-13 13:15:00,True,0
311,EICHERMOT24JUN4850PE,2024-06-13 13:15:00,True,0
312,EICHERMOT24JUN5000CE,2024-06-13 13:15:00,True,0
313,FINNIFTY2461822000CE,2024-06-13 13:15:00,True,0
314,FINNIFTY2461822100CE,2024-06-13 13:15:00,True,0
315,FINNIFTY2461822300PE,2024-06-13 13:15:00,True,0
316,HEROMOTOCO24JUN4800PE,2024-06-13 13:15:00,True,0
317,HEROMOTOCO24JUN5000PE,2024-06-13 13:15:00,True,0
318,LTIM24JUN4600CE,2024-06-13 13:15:00,True,0
319,LTIM24JUN4800CE,2024-06-13 13:15:00,True,0
320,LTIM24JUN4900CE,2024-06-13 13:15:00,True,0
321,LTIM24JUN5200PE,2024-06-13 13:15:00,True,0
322,MIDCPNIFTY24JUN11850PE,2024-06-13 13:15:00,True,0
323,MIDCPNIFTY24JUN12500CE,2024-06-13 13:15:00,True,0
324,MIDCPNIFTY24JUN12600CE,2024-06-13 13:15:00,True,0
325,NIFTY2461322600PE,2024-06-13 13:15:00,True,0
326,NIFTY2461323300PE,2024-06-13 13:15:00,True,0
327,NIFTY2461323550PE,2024-06-13 13:15:00,True,0
328,OFSS24JUN7800PE,2024-06-13 13:15:00,True,0
329,PIDILITIND24JUN3000PE,2024-06-13 13:15:00,True,0
330,PIDILITIND24JUN3120PE,2024-06-13 09:20:00,True,1
331,PIDILITIND24JUN3200PE,2024-06-13 13:15:00,True,0
332,PIIND24JUN3700CE,2024-06-13 13:15:00,True,0
333,RELIANCE24JUN2840CE,2024-06-13 13:15:00,True,0
334,SHREECEM24JUN24000PE,2024-06-13 13:15:00,True,0
335,SHREECEM24JUN26500CE,2024-06-13 09:20:00,True,1
336,SHREECEM24JUN27000CE,2024-06-13 13:15:00,True,0
337,SHREECEM24JUN27750CE,2024-06-13 13:15:00,True,0
338,SHREECEM24JUN28000PE,2024-06-13 13:15:00,True,0
339,SIEMENS24JUN6300CE,2024-06-05 15:15:00,True,0
340,TCS24JUN4000CE,2024-06-13 13:15:00,True,0
341,TRENT24JUN5100PE,2024-06-13 13:15:00,True,0
342,ULTRACEMCO24JUN10200PE,2024-06-13 13:15:00,True,0
343,ULTRACEMCO24JUN10500CE,2024-06-13 13:15:00,True,0
344,ULTRACEMCO24JUN11000CE,2024-06-13 13:15:00,True,0
345,ABB24JUN7000PE,2024-06-13 13:15:00,True,0
346,ABB24JUN7300PE,2024-06-13 13:15:00,True,0
347,ABB24JUN7400PE,2024-06-13 13:15:00,True,0
348,BAJFINANCE24JUN6300CE,2024-06-07 15:15:00,True,0
349,BAJFINANCE24JUN6600CE,2024-06-13 13:15:00,True,0
350,BAJFINANCE24JUN6650PE,2024-06-13 13:15:00,True,0
351,BAJFINANCE24JUN6700PE,2024-06-13 13:15:00,True,0
352,BAJFINANCE24JUN7000CE,2024-06-13 13:15:00,True,0
353,BAJFINANCE24JUN7200CE,2024-06-13 13:15:00,True,0
354,BANKNIFTY2461248800CE,2024-06-12 15:15:00,True,0
355,BANKNIFTY2461249000CE,2024-06-12 15:15:00,True,0
356,BANKNIFTY2461249900CE,2024-06-12 15:15:00,True,0
357,BOSCHLTD24JUN30250PE,2024-06-06 09:15:00,True,0
358,BRITANNIA24JUN5050CE,2024-06-03 15:15:00,True,0
359,EICHERMOT24JUN4800CE,2024-06-13 13:15:00,True,0
360,FINNIFTY2461822300CE,2024-06-13 13:15:00,True,0
361,HEROMOTOCO24JUN4750CE,2024-05-31 15:15:00,True,0
362,INFY24JUN1460CE,2024-06-13 13:15:00,True,0
363,INFY24JUN1520PE,2024-06-13 13:15:00,True,0
364,INFY24JUN1580CE,2024-06-13 13:15:00,True,0
365,LTIM24JUN4600PE,2024-06-13 13:15:00,True,0
366,LTIM24JUN4650PE,2024-06-13 13:15:00,True,0
367,LTIM24JUN4750PE,2024-06-13 13:15:00,True,0
368,LTIM24JUN5100PE,2024-06-13 13:15:00,True,0
369,LTIM24JUN5150CE,2024-06-13 13:15:00,True,0
370,MARUTI24JUN11700PE,2024-06-13 13:15:00,True,0
371,MARUTI24JUN11900PE,2024-06-13 13:15:00,True,0
372,MARUTI24JUN12400CE,2024-06-13 13:15:00,True,0
373,MIDCPNIFTY24JUN11900PE,2024-06-13 13:15:00,True,0
374,NIFTY2461323050CE,2024-06-13 13:15:00,True,0
375,OFSS24JUN7100PE,2024-06-04 15:15:00,True,0
376,OFSS24JUN8500PE,2024-06-13 09:20:00,True,1
377,PIDILITIND24JUN2900PE,2024-06-13 13:15:00,True,0
378,PIDILITIND24JUN3040PE,2024-06-13 13:15:00,True,0
379,PIIND24JUN3550PE,2024-06-13 13:15:00,True,0
380,PIIND24JUN3900PE,2024-06-03 15:15:00,True,0
381,RELIANCE24JUN2960PE,2024-06-13 13:15:00,True,0
382,SHREECEM24JUN25750PE,2024-06-13 13:15:00,True,0
383,SHREECEM24JUN26750CE,2024-06-13 13:15:00,True,0
384,SHREECEM24JUN27250PE,2024-06-13 13:15:00,True,0
385,SIEMENS24JUN6350CE,2024-06-13 09:20:00,True,1
386,SIEMENS24JUN6600CE,2024-06-13 13:15:00,True,0
387,TCS24JUN3500CE,2024-06-13 13:15:00,True,0
388,TCS24JUN3650PE,2024-06-13 13:15:00,True,0
389,TCS24JUN3750CE,2024-06-13 13:15:00,True,0
390,TCS24JUN3800CE,2024-06-13 13:15:00,True,0
391,TRENT24JUN4600CE,2024-06-13 13:15:00,True,0
392,ULTRACEMCO24JUN10200CE,2024-06-13 13:15:00,True,0
393,ULTRACEMCO24JUN9500PE,2024-06-13 13:15:00,True,0
394,ULTRACEMCO24JUN9700PE,2024-06-13 13:15:00,True,0
395,ASIANPAINT24JUN2940CE,2024-06-13 13:15:00,True,0
396,BAJFINANCE24JUN6350CE,2024-06-03 15:15:00,True,0
397,BAJFINANCE24JUN7200PE,2024-06-13 13:15:00,True,0
398,BANKNIFTY2461248600PE,2024-06-12 15:15:00,True,0
399,BANKNIFTY2461248800PE,2024-06-12 15:15:00,True,0
400,BANKNIFTY2461249500CE,2024-06-12 15:15:00,True,0
401,BOSCHLTD24JUN30000PE,2024-06-13 13:15:00,True,0
402,BOSCHLTD24JUN31000PE,2024-06-13 13:15:00,True,0
403,BRITANNIA24JUN5200PE,2024-06-13 13:15:00,True,0
404,EICHERMOT24JUN4550PE,2024-06-13 13:15:00,True,0
405,EICHERMOT24JUN4600CE,2024-06-13 13:15:00,True,0
406,EICHERMOT24JUN4650CE,2024-06-13 13:15:00,True,0
407,EICHERMOT24JUN4800PE,2024-06-13 13:15:00,True,0
408,FINNIFTY2461822250CE,2024-06-13 13:15:00,True,0
409,HEROMOTOCO24JUN4950CE,2024-06-04 15:15:00,True,0
410,HEROMOTOCO24JUN5100PE,2024-06-13 13:15:00,True,0
411,INFY24JUN1300PE,2024-06-13 13:15:00,True,0
412,INFY24JUN1580PE,2024-06-13 13:15:00,True,0
413,MARUTI24JUN12100CE,2024-06-13 13:15:00,True,0
414,MIDCPNIFTY24JUN12000CE,2024-06-13 13:15:00,True,0
415,MIDCPNIFTY24JUN12100CE,2024-06-13 13:15:00,True,0
416,MIDCPNIFTY24JUN12300PE,2024-05-27 09:15:00,True,0
417,MIDCPNIFTY24JUN12400CE,2024-06-13 13:15:00,True,0
418,MIDCPNIFTY24JUN12600PE,2024-05-27 09:15:00,True,0
419,NIFTY2461322700CE,2024-06-13 13:15:00,True,0
420,NIFTY2461322900CE,2024-06-13 13:15:00,True,0
421,NIFTY2461322950CE,2024-06-13 13:15:00,True,0
422,NIFTY2461323050PE,2024-06-13 13:15:00,True,0
423,OFSS24JUN6800PE,2024-05-31 15:15:00,True,0
424,OFSS24JUN7900PE,2024-06-07 15:15:00,True,0
425,OFSS24JUN8200PE,2024-06-13 13:15:00,True,0
426,OFSS24JUN8300PE,2024-06-06 15:15:00,True,0
427,PIDILITIND24JUN2940PE,2024-06-13 13:15:00,True,0
428,PIDILITIND24JUN3020CE,2024-06-05 15:15:00,True,0
429,PIDILITIND24JUN3020PE,2024-06-13 13:15:00,True,0
430,RELIANCE24JUN2920CE,2024-06-13 13:15:00,True,0
431,RELIANCE24JUN3020CE,2024-06-13 13:15:00,True,0
432,SHREECEM24JUN25000CE,2024-06-13 13:15:00,True,0
433,TCS24JUN3850PE,2024-06-13 13:15:00,True,0
434,TRENT24JUN4500CE,2024-06-13 13:15:00,True,0
435,TRENT24JUN4650PE,2024-06-13 13:15:00,True,0
436,TRENT24JUN5050CE,2024-06-13 13:15:00,True,0
437,ASIANPAINT24JUN2840PE,2024-06-13 13:15:00,True,0
438,ASIANPAINT24JUN2860CE,2024-06-13 13:15:00,True,0
439,ASIANPAINT24JUN3000PE,2024-06-13 13:15:00,True,0
440,BAJFINANCE24JUN6850PE,2024-06-13 13:15:00,True,0
441,BAJFINANCE24JUN6950CE,2024-06-13 13:15:00,True,0
442,BAJFINANCE24JUN7500CE,2024-06-13 13:15:00,True,0
443,BANKNIFTY2461249700CE,2024-06-12 15:15:00,True,0
444,BRITANNIA24JUN5250CE,2024-06-13 13:15:00,True,0
445,BRITANNIA24JUN5400CE,2024-06-13 13:15:00,True,0
446,EICHERMOT24JUN4350PE,2024-06-13 13:15:00,True,0
447,HEROMOTOCO24JUN4950PE,2024-06-13 09:20:00,True,1
448,INFY24JUN1340PE,2024-06-13 13:15:00,True,0
449,INFY24JUN1560CE,2024-06-13 13:15:00,True,0
450,LTIM24JUN4550PE,2024-06-13 13:15:00,True,0
451,LTIM24JUN4800PE,2024-06-13 13:15:00,True,0
452,MARUTI24JUN13100PE,2024-06-13 13:15:00,True,0
453,NIFTY2461322600CE,2024-06-13 13:15:00,True,0
454,NIFTY2461323100CE,2024-06-13 13:15:00,True,0
455,NIFTY2461323550CE,2024-06-13 13:15:00,True,0
456,OFSS24JUN8000PE,2024-06-13 13:15:00,True,0
457,OFSS24JUN8700PE,2024-06-13 09:20:00,True,1
458,PIIND24JUN3600CE,2024-06-13 13:15:00,True,0
459,SHREECEM24JUN25750CE,2024-06-13 09:20:00,True,1
460,TCS24JUN3650CE,2024-06-13 13:15:00,True,0
461,TCS24JUN3750PE,2024-06-13 13:15:00,True,0
462,TRENT24JUN4350CE,2024-05-30 15:15:00,True,0
463,TRENT24JUN4550PE,2024-06-13 13:15:00,True,0
464,TRENT24JUN4800PE,2024-06-13 13:15:00,True,0
465,ULTRACEMCO24JUN11400CE,2024-06-13 13:15:00,True,0
466,ULTRACEMCO24JUN9600PE,2024-06-13 13:15:00,True,0
467,ULTRACEMCO24JUN9800CE,2024-06-13 09:20:00,True,1
468,ULTRACEMCO24JUN9800PE,2024-06-13 13:15:00,True,0
469,ABB24JUN7100PE,2024-04-25 09:15:00,True,0
470,ABB24JUN7150CE,2024-05-03 09:15:00,True,0
471,BAJFINANCE24JUN6400PE,2024-06-13 13:15:00,True,0
472,BAJFINANCE24JUN6450CE,2024-06-05 15:15:00,True,0
473,BAJFINANCE24JUN6500CE,2024-06-13 13:15:00,True,0
474,BAJFINANCE24JUN6550PE,2024-06-13 13:15:00,True,0
475,BAJFINANCE24JUN6750CE,2024-06-13 13:15:00,True,0
476,BANKNIFTY2461249300PE,2024-06-12 15:15:00,True,0
477,BANKNIFTY2461249600PE,2024-06-12 15:15:00,True,0
478,EICHERMOT24JUN4300CE,2024-06-06 15:15:00,True,0
479,EICHERMOT24JUN4350CE,2024-06-06 15:15:00,True,0
480,EICHERMOT24JUN4500CE,2024-06-13 13:15:00,True,0
481,EICHERMOT24JUN4750PE,2024-06-13 13:15:00,True,0
482,FINNIFTY2461822000PE,2024-06-13 13:15:00,True,0
483,INFY24JUN1380PE,2024-06-13 13:15:00,True,0
484,INFY24JUN1480CE,2024-06-13 13:15:00,True,0
485,INFY24JUN1600CE,2024-06-13 13:15:00,True,0
486,LTIM24JUN4450PE,2024-06-13 13:15:00,True,0
487,LTIM24JUN4500CE,2024-06-13 13:15:00,True,0
488,LTIM24JUN4500PE,2024-06-13 13:15:00,True,0
489,LTIM24JUN4650CE,2024-06-13 09:20:00,True,1
490,MARUTI24JUN12500PE,2024-06-13 13:15:00,True,0
491,MIDCPNIFTY24JUN11875CE,2024-06-13 13:15:00,True,0
492,NIFTY2461323200PE,2024-06-13 13:15:00,True,0
493,OFSS24JUN7800CE,2024-06-07 15:15:00,True,0
494,PIDILITIND24JUN3260PE,2024-06-10 15:15:00,True,2
495,PIIND24JUN3450CE,2024-06-13 09:20:00,True,1
496,PIIND24JUN3700PE,2024-06-13 13:15:00,True,0
497,RELIANCE24JUN2760PE,2024-06-13 13:15:00,True,0
498,RELIANCE24JUN2860CE,2024-06-13 13:15:00,True,0
499,RELIANCE24JUN2880CE,2024-06-13 13:15:00,True,0
500,SHREECEM24JUN26000PE,2024-06-13 13:15:00,True,0
501,SIEMENS24JUN6100PE,2024-06-13 09:20:00,True,1
502,SIEMENS24JUN6150PE,2024-06-13 13:15:00,True,0
503,TRENT24JUN4300PE,2024-06-13 13:15:00,True,0
504,TRENT24JUN5150PE,2024-06-13 13:15:00,True,0
505,ULTRACEMCO24JUN10300CE,2024-06-13 13:15:00,True,0
506,ULTRACEMCO24JUN10600CE,2024-06-13 13:15:00,True,0
507,ULTRACEMCO24JUN11200PE,2024-06-13 13:15:00,True,0
508,ABB24JUN7150PE,2024-06-06 15:15:00,True,0
509,ABB24JUN7500CE,2024-06-11 15:15:00,True,0
510,ASIANPAINT24JUN2780CE,2024-06-13 13:15:00,True,0
511,ASIANPAINT24JUN2920CE,2024-06-13 13:15:00,True,0
512,BAJFINANCE24JUN6950PE,2024-06-13 13:15:00,True,0
513,BAJFINANCE24JUN7150PE,2024-06-13 13:15:00,True,0
514,BANKNIFTY2461249000PE,2024-06-12 15:15:00,True,0
515,BANKNIFTY2461249200CE,2024-06-12 15:15:00,True,0
516,BANKNIFTY2461250000CE,2024-06-12 15:15:00,True,0
517,BANKNIFTY2461250200PE,2024-06-12 15:15:00,True,0
518,BOSCHLTD24JUN28500PE,2024-06-13 13:15:00,True,0
519,BOSCHLTD24JUN28750PE,2024-06-05 15:15:00,True,0
520,BOSCHLTD24JUN29250PE,2024-06-13 09:20:00,True,1
521,BOSCHLTD24JUN31500PE,2024-06-13 13:15:00,True,0
522,BOSCHLTD24JUN31750PE,2024-06-13 13:15:00,True,0
523,BRITANNIA24JUN5100CE,2024-06-13 13:15:00,True,0
524,BRITANNIA24JUN5200CE,2024-06-13 13:15:00,True,0
525,BRITANNIA24JUN5500CE,2024-06-13 13:15:00,True,0
526,EICHERMOT24JUN4450PE,2024-06-13 13:15:00,True,0
527,HEROMOTOCO24JUN5000CE,2024-06-13 13:15:00,True,0
528,INFY24JUN1300CE,2024-06-13 09:20:00,True,1
529,INFY24JUN1520CE,2024-06-13 13:15:00,True,0
530,LTIM24JUN4450CE,2024-06-04 15:15:00,True,0
531,MARUTI24JUN11900CE,2024-06-13 09:20:00,True,1
532,MARUTI24JUN12200PE,2024-06-13 13:15:00,True,0
533,MARUTI24JUN12300CE,2024-06-13 13:15:00,True,0
534,NIFTY2461322700PE,2024-06-13 13:15:00,True,0
535,NIFTY2461322900PE,2024-06-13 13:15:00,True,0
536,NIFTY2461323350PE,2024-06-13 13:15:00,True,0
537,NIFTY2461323400PE,2024-06-13 13:15:00,True,0
538,NIFTY2461323500CE,2024-06-13 13:15:00,True,0
539,OFSS24JUN7600CE,2024-06-13 13:15:00,True,0
540,OFSS24JUN7600PE,2024-06-13 13:15:00,True,0
541,OFSS24JUN8800CE,2024-06-13 09:20:00,True,1
542,PIDILITIND24JUN2980PE,2024-06-13 13:15:00,True,0
543,PIDILITIND24JUN3000CE,2024-06-13 13:15:00,True,0
544,PIDILITIND24JUN3060PE,2024-06-13 13:15:00,True,0
545,PIDILITIND24JUN3100PE,2024-06-13 13:15:00,True,0
546,PIDILITIND24JUN3200CE,2024-06-13 13:15:00,True,0
547,PIIND24JUN3350CE,2024-05-02 09:15:00,True,0
548,PIIND24JUN3350PE,2024-06-13 09:20:00,True,1
549,PIIND24JUN3800CE,2024-06-13 13:15:00,True,0
550,PIIND24JUN3900CE,2024-06-13 13:15:00,True,0
551,RELIANCE24JUN2780CE,2024-06-13 13:15:00,True,0
552,RELIANCE24JUN2860PE,2024-06-13 13:15:00,True,0
553,RELIANCE24JUN2920PE,2024-06-13 13:15:00,True,0
554,RELIANCE24JUN3120PE,2024-06-13 13:15:00,True,0
555,SHREECEM24JUN24750PE,2024-06-06 15:15:00,True,0
556,SHREECEM24JUN25000PE,2024-06-13 13:15:00,True,0
557,SHREECEM24JUN27000PE,2024-06-13 13:15:00,True,0
558,SIEMENS24JUN6400CE,2024-06-13 13:15:00,True,0
559,TCS24JUN3700PE,2024-06-13 13:15:00,True,0
560,TCS24JUN4100CE,2024-06-13 13:15:00,True,0
561,TRENT24JUN4800CE,2024-06-13 13:15:00,True,0
562,TRENT24JUN4900PE,2024-06-13 13:15:00,True,0
563,ULTRACEMCO24JUN10800CE,2024-06-13 13:15:00,True,0
564,ASIANPAINT24JUN2800PE,2024-06-13 13:15:00,True,0
565,ASIANPAINT24JUN2860PE,2024-06-13 13:15:00,True,0
566,ASIANPAINT24JUN2960PE,2024-06-13 13:15:00,True,0
567,ASIANPAINT24JUN2980CE,2024-06-13 13:15:00,True,0
568,ASIANPAINT24JUN3060CE,2024-06-13 13:15:00,True,0
569,ASIANPAINT24JUN3060PE,2024-06-13 13:15:00,True,0
570,BAJFINANCE24JUN6600PE,2024-06-13 13:15:00,True,0
571,BAJFINANCE24JUN6700CE,2024-06-13 13:15:00,True,0
572,BAJFINANCE24JUN7150CE,2024-06-13 13:15:00,True,0
573,BANKNIFTY2461248700CE,2024-06-12 15:15:00,True,0
574,BANKNIFTY2461250100PE,2024-06-12 15:15:00,True,0
575,BOSCHLTD24JUN30750PE,2024-06-13 13:15:00,True,0
576,BOSCHLTD24JUN31500CE,2024-06-13 13:15:00,True,0
577,BRITANNIA24JUN4950PE,2024-06-06 15:15:00,True,0
578,BRITANNIA24JUN5000CE,2024-06-05 15:15:00,True,0
579,BRITANNIA24JUN5100PE,2024-06-13 13:15:00,True,0
580,BRITANNIA24JUN5500PE,2024-06-13 13:15:00,True,0
581,EICHERMOT24JUN4450CE,2024-06-07 15:15:00,True,0
582,FINNIFTY2461821900PE,2024-06-13 13:15:00,True,0
583,HEROMOTOCO24JUN4750PE,2024-06-13 09:20:00,True,1
584,INFY24JUN1320PE,2024-06-13 13:15:00,True,0
585,INFY24JUN1460PE,2024-06-13 13:15:00,True,0
586,INFY24JUN1560PE,2024-06-13 13:15:00,True,0
587,LTIM24JUN4700CE,2024-06-13 13:15:00,True,0
588,LTIM24JUN4950PE,2024-06-13 13:15:00,True,0
589,MARUTI24JUN11700CE,2024-06-13 09:20:00,True,1
590,MARUTI24JUN12600PE,2024-06-13 13:15:00,True,0
591,MARUTI24JUN12800PE,2024-06-13 13:15:00,True,0
592,MARUTI24JUN12900PE,2024-06-13 13:15:00,True,0
593,NIFTY2461322950PE,2024-06-13 13:15:00,True,0
594,NIFTY2461323300CE,2024-06-13 13:15:00,True,0
595,OFSS24JUN7900CE,2024-06-07 15:15:00,True,0
596,OFSS24JUN8400PE,2024-06-13 13:15:00,True,0
597,PIDILITIND24JUN2920CE,2024-06-06 15:15:00,True,0
598,PIDILITIND24JUN3220CE,2024-06-13 13:15:00,True,0
599,PIDILITIND24JUN3260CE,2024-06-13 13:15:00,True,0
600,PIIND24JUN3500PE,2024-06-13 13:15:00,True,0
601,PIIND24JUN3750CE,2024-06-13 13:15:00,True,0
602,RELIANCE24JUN2700PE,2024-06-13 13:15:00,True,0
603,RELIANCE24JUN2820CE,2024-06-13 13:15:00,True,0
604,RELIANCE24JUN2840PE,2024-06-13 13:15:00,True,0
605,RELIANCE24JUN2880PE,2024-06-13 13:15:00,True,0
606,RELIANCE24JUN3040CE,2024-06-13 13:15:00,True,0
607,RELIANCE24JUN3060CE,2024-06-13 13:15:00,True,0
608,RELIANCE24JUN3060PE,2024-06-13 13:15:00,True,0
609,RELIANCE24JUN3080PE,2024-06-13 13:15:00,True,0
610,RELIANCE24JUN3100PE,2024-06-13 13:15:00,True,0
611,SHREECEM24JUN23750PE,2024-06-03 15:15:00,True,0
612,SIEMENS24JUN6350PE,2024-06-13 09:20:00,True,1
613,SIEMENS24JUN6400PE,2024-06-13 13:15:00,True,0
614,SIEMENS24JUN6500CE,2024-06-13 13:15:00,True,0
615,TCS24JUN3600PE,2024-06-13 13:15:00,True,0
616,TCS24JUN3950CE,2024-06-13 13:15:00,True,0
617,TRENT24JUN4550CE,2024-06-13 09:20:00,True,1
618,TRENT24JUN5050PE,2024-06-13 13:15:00,True,0
619,ULTRACEMCO24JUN10000PE,2024-06-13 13:15:00,True,0
620,ULTRACEMCO24JUN10400PE,2024-06-13 13:15:00,True,0
621,ULTRACEMCO24JUN11400PE,2024-06-13 13:15:00,True,0
622,ULTRACEMCO24JUN9400PE,2024-06-13 13:15:00,True,0
623,ULTRACEMCO24JUN9900PE,2024-06-13 13:15:00,True,0
624,ABB24JUN7200PE,2024-06-13 13:15:00,True,0
625,ASIANPAINT24JUN3040CE,2024-06-13 13:15:00,True,0
626,BAJFINANCE24JUN6800PE,2024-06-13 13:15:00,True,0
627,BAJFINANCE24JUN7250CE,2024-06-13 13:15:00,True,0
628,BOSCHLTD24JUN29000PE,2024-06-13 13:15:00,True,0
629,FINNIFTY2461821950PE,2024-06-13 13:15:00,True,0
630,HEROMOTOCO24JUN4700PE,2024-06-13 13:15:00,True,0
631,HEROMOTOCO24JUN4800CE,2024-06-13 09:20:00,True,1
632,INFY24JUN1400PE,2024-06-13 13:15:00,True,0
633,INFY24JUN1420CE,2024-06-13 13:15:00,True,0
634,INFY24JUN1480PE,2024-06-13 13:15:00,True,0
635,INFY24JUN1600PE,2024-06-13 13:15:00,True,0
636,LTIM24JUN5000PE,2024-06-13 13:15:00,True,0
637,MARUTI24JUN11800PE,2024-06-13 13:15:00,True,0
638,MARUTI24JUN12000PE,2024-06-13 13:15:00,True,0
639,MARUTI24JUN12300PE,2024-06-13 13:15:00,True,0
640,MARUTI24JUN12400PE,2024-06-13 13:15:00,True,0
641,NIFTY2461322750CE,2024-06-13 13:15:00,True,0
642,NIFTY2461323150CE,2024-06-13 13:15:00,True,0
643,NIFTY2461323200CE,2024-06-13 13:15:00,True,0
644,NIFTY2461323250PE,2024-06-13 13:15:00,True,0
645,OFSS24JUN8200CE,2024-06-13 09:20:00,True,1
646,PIDILITIND24JUN2960PE,2024-06-13 13:15:00,True,0
647,PIDILITIND24JUN3060CE,2024-06-13 13:15:00,True,0
648,PIDILITIND24JUN3080CE,2024-06-13 13:15:00,True,0
649,PIDILITIND24JUN3080PE,2024-06-13 13:15:00,True,0
650,PIDILITIND24JUN3140PE,2024-06-13 09:20:00,True,1
651,SHREECEM24JUN24000CE,2024-06-05 15:15:00,True,0
652,SHREECEM24JUN27500PE,2024-06-13 13:15:00,True,0
653,SHREECEM24JUN27750PE,2024-06-13 13:15:00,True,0
654,SIEMENS24JUN6300PE,2024-06-13 13:15:00,True,0
655,TRENT24JUN4500PE,2024-06-13 13:15:00,True,0
656,TRENT24JUN4700PE,2024-06-13 13:15:00,True,0
657,TRENT24JUN4850PE,2024-06-13 13:15:00,True,0
658,TRENT24JUN4950CE,2024-06-13 13:15:00,True,0
659,ULTRACEMCO24JUN10000CE,2024-06-13 13:15:00,True,0
660,ULTRACEMCO24JUN10700CE,2024-06-13 13:15:00,True,0
661,ULTRACEMCO24JUN10900PE,2024-06-13 13:15:00,True,0
662,ULTRACEMCO24JUN11000PE,2024-06-13 13:15:00,True,0
663,ABB24JUN7050PE,2024-05-02 09:15:00,True,0
664,ASIANPAINT24JUN2760CE,2024-06-13 09:20:00,True,1
665,ASIANPAINT24JUN3020CE,2024-06-13 13:15:00,True,0
666,BAJFINANCE24JUN6850CE,2024-06-13 13:15:00,True,0
667,BANKNIFTY2461248900CE,2024-06-12 15:15:00,True,0
668,BOSCHLTD24JUN29000CE,2024-06-13 13:15:00,True,0
669,BOSCHLTD24JUN29750PE,2024-06-13 09:20:00,True,1
670,BOSCHLTD24JUN30750CE,2024-06-13 13:15:00,True,0
671,BOSCHLTD24JUN31250CE,2024-06-13 13:15:00,True,0
672,BOSCHLTD24JUN31750CE,2024-06-13 13:15:00,True,0
673,EICHERMOT24JUN4550CE,2024-06-13 09:20:00,True,1
674,EICHERMOT24JUN4700PE,2024-06-13 13:15:00,True,0
675,FINNIFTY2461822350CE,2024-06-13 13:15:00,True,0
676,FINNIFTY2461822350PE,2024-06-13 13:15:00,True,0
677,HEROMOTOCO24JUN4850CE,2024-05-31 15:15:00,True,0
678,HEROMOTOCO24JUN5100CE,2024-06-13 13:15:00,True,0
679,INFY24JUN1360PE,2024-06-13 13:15:00,True,0
680,INFY24JUN1420PE,2024-06-13 13:15:00,True,0
681,LTIM24JUN4400PE,2024-06-13 13:15:00,True,0
682,MARUTI24JUN11800CE,2024-06-13 13:15:00,True,0
683,MARUTI24JUN12600CE,2024-06-13 13:15:00,True,0
684,MARUTI24JUN13000CE,2024-06-13 13:15:00,True,0
685,MIDCPNIFTY24JUN12100PE,2024-05-27 09:15:00,True,0
686,MIDCPNIFTY24JUN12200CE,2024-06-13 13:15:00,True,0
687,NIFTY2461323250CE,2024-06-13 13:15:00,True,0
688,NIFTY2461323450PE,2024-06-13 13:15:00,True,0
689,OFSS24JUN7400PE,2024-06-13 13:15:00,True,0
690,PIDILITIND24JUN3100CE,2024-06-13 13:15:00,True,0
691,PIDILITIND24JUN3160CE,2024-06-13 13:15:00,True,0
692,PIDILITIND24JUN3180PE,2024-06-13 09:20:00,True,1
693,PIIND24JUN3650PE,2024-06-13 13:15:00,True,0
694,PIIND24JUN3850CE,2024-06-13 09:20:00,True,1
695,RELIANCE24JUN2720CE,2024-06-13 13:15:00,True,0
696,RELIANCE24JUN2760CE,2024-06-13 13:15:00,True,0
697,RELIANCE24JUN2940CE,2024-06-13 13:15:00,True,0
698,RELIANCE24JUN2960CE,2024-06-13 13:15:00,True,0
699,SHREECEM24JUN23500PE,2024-06-13 09:20:00,True,1
700,SHREECEM24JUN26000CE,2024-06-13 13:15:00,True,0
701,TCS24JUN3600CE,2024-06-13 13:15:00,True,0
702,TRENT24JUN5200CE,2024-06-13 13:15:00,True,0
703,ULTRACEMCO24JUN11200CE,2024-06-13 13:15:00,True,0
